"Weather - unlimited & realtime weather forecast","Weather","Best App - Top Droid Team","https://play.google.com/store/apps/developer?id=Best+App+-+Top+Droid+Team","4.7","2414","40","22","60","298","1994"
"Exercises Pro","Health & Fitness","The Happy Apps","https://play.google.com/store/apps/developer?id=The+Happy+Apps","3.8","44","8","1","5","6","24"
"Navigation Gestures Premium Add-On","Personalization","XDA","https://play.google.com/store/apps/developer?id=XDA","4.1","135","6","8","15","45","61"
"Message Quest ‚Äî adventures of Feste (with ads)","Adventure","TeslaGames","https://play.google.com/store/apps/dev?id=7185759132943310350","4.3","62","7","1","4","4","46"
"KPSS Sen Bilirsin RAMAZAN YETGƒ∞N","Education","BENƒ∞M HOCAM Dƒ∞Jƒ∞TAL YAYƒ∞N","https://play.google.com/store/apps/developer?id=BEN%C4%B0M+HOCAM+D%C4%B0J%C4%B0TAL+YAY%C4%B0N","4.8","267","4","1","6","18","238"
"[Substratum] Twilight Night Black","Personalization","Alice Project","https://play.google.com/store/apps/dev?id=6547192532146692983","3.7","103","25","0","8","13","57"
"Animal Super Squad","Adventure","DoubleMoose Games","https://play.google.com/store/apps/developer?id=DoubleMoose+Games","4.7","192","4","4","8","8","168"
"Email Pro","Communication","Best App - Top Droid Team","https://play.google.com/store/apps/developer?id=Best+App+-+Top+Droid+Team","4.5","81","4","1","7","6","63"
"Getting Over It with Bennett Foddy","Simulation","Noodlecake Studios Inc","https://play.google.com/store/apps/dev?id=9078867188205035581","4.1","248","33","8","16","29","162"
"Irex - Icon Pack","Personalization","Olivera Onias","https://play.google.com/store/apps/dev?id=8582752175205301328","4.3","10","0","1","2","0","7"
"Homo Machina","Puzzle","ARTE Experience","https://play.google.com/store/apps/developer?id=ARTE+Experience","4.0","96","10","6","7","20","53"
"My Little Princess : Fairy Forest","Educational","My Town Games Ltd","https://play.google.com/store/apps/dev?id=4907572025980617983","4.3","13","2","0","0","1","10"
"My Town : ICEE‚Ñ¢ Amusement Park","Educational","My Town Games Ltd","https://play.google.com/store/apps/dev?id=4907572025980617983","4.8","93","3","1","2","4","83"
"Ultimate Farm Simulator","Simulation","Gluten Free Games","https://play.google.com/store/apps/dev?id=6871437821234630609","4.5","38","1","0","3","9","25"
"WonderBlocks","Puzzle","Silicon Studio","https://play.google.com/store/apps/developer?id=Silicon+Studio","4.9","403","3","0","3","15","382"
"Package Disabler Pro + (Samsung)","Business","policedeveloper","https://play.google.com/store/apps/developer?id=policedeveloper","4.4","10","1","0","1","0","8"
"Sago Mini Apartment","Education","Sago Mini","https://play.google.com/store/apps/dev?id=6600704821286067966","4.2","17","1","1","2","3","10"
"Connect - colorful casual game","Casual","AppSoGreat","https://play.google.com/store/apps/developer?id=AppSoGreat","4.4","27","1","1","2","6","17"
"The Mannequins at Velma's Bridal Boutique","Comics","Alexander Farley","https://play.google.com/store/apps/developer?id=Alexander+Farley","4.7","6","0","0","1","0","5"
"EO Guide","Health & Fitness","Synceed GmbH","https://play.google.com/store/apps/developer?id=Synceed+GmbH","5.0","3","0","0","0","0","3"
"Lilac","Personalization","Atanu Sanyal","https://play.google.com/store/apps/dev?id=8082276105481481415","5.0","10","0","0","0","0","10"
"Macibo - Icon Pack","Personalization","A1 Design","https://play.google.com/store/apps/dev?id=8878636829882194092","3.7","9","2","0","0","4","3"
"Pomo - Icon Pack","Personalization","A1 Design","https://play.google.com/store/apps/dev?id=8878636829882194092","4.6","5","0","0","1","0","4"
"App lock & gallery vault","Tools","Best App - Top Droid Team","https://play.google.com/store/apps/developer?id=Best+App+-+Top+Droid+Team","4.6","113","6","0","6","11","90"
"Bemmer - Icon Pack","Personalization","A1 Design","https://play.google.com/store/apps/dev?id=8878636829882194092","4.3","10","1","0","0","3","6"
"I'm Rich","Lifestyle","NosenseDevelop","https://play.google.com/store/apps/developer?id=NosenseDevelop","3.9","14","4","0","0","0","10"
"–§–µ–ª—å–¥—à–µ—Ä –°–ú–ü","Medical","–ú–æ—Å–∫–æ–≤—Å–∫–∏–π —Ñ–µ–ª—å–¥—à–µ—Ä","https://play.google.com/store/apps/developer?id=%D0%9C%D0%BE%D1%81%D0%BA%D0%BE%D0%B2%D1%81%D0%BA%D0%B8%D0%B9+%D1%84%D0%B5%D0%BB%D1%8C%D0%B4%D1%88%D0%B5%D1%80","5.0","24","0","0","0","0","24"
"Minesweeper Genius","Puzzle","mgaia studio","https://play.google.com/store/apps/developer?id=mgaia+studio","4.9","24","0","0","1","0","23"
"To the Edge of the Sky - Premium","Casual","Aeon Dream Studios","https://play.google.com/store/apps/dev?id=8982799235103865411","5.0","7","0","0","0","0","7"
"ForzaTune 7","Tools","FlameFront Studios","https://play.google.com/store/apps/developer?id=FlameFront+Studios","4.4","27","0","2","4","3","18"
"Infinity war pelicula","Video Players & Editors","ARTAMY","https://play.google.com/store/apps/developer?id=ARTAMY","4.3","15","0","1","1","6","7"
"R.B.I. Baseball 18","Sports","MLB Advanced Media, L.P.","https://play.google.com/store/apps/developer?id=MLB+Advanced+Media,+L.P.","4.1","71","6","3","7","15","40"
"BitMEX PRO","Finance","Cryptocurrency Company Apps","https://play.google.com/store/apps/developer?id=Cryptocurrency+Company+Apps","3.6","5","1","0","1","1","2"
"Popsicle / Icon Pack","Personalization","Fraom Design","https://play.google.com/store/apps/dev?id=7733182206189114237","4.9","15","0","0","0","1","14"
"Unicorn VPN Pro - Faster Stable VPN","Tools","HK 8qu Network International Limited","https://play.google.com/store/apps/developer?id=HK+8qu+Network+International+Limited","4.3","11","2","0","0","0","9"
"–¢–µ—Å—Ç –≤ –î–µ—Ä–∂–±—é—Ä–æ —Ä–æ–∑—Å–ª—ñ–¥—É–≤–∞–Ω—å","Education","DILOGICAL","https://play.google.com/store/apps/developer?id=DILOGICAL","4.5","15","0","1","0","4","10"
"SafeLiveAlert - Sin anuncios","Communication","SafeLiveAlertMX","https://play.google.com/store/apps/developer?id=SafeLiveAlertMX","2.8","25","10","3","1","3","8"
"Tubazy PRO - MP3 D√∂n√º≈üt√ºr√ºc√º","Music & Audio","Tuba K.","https://play.google.com/store/apps/developer?id=Tuba+K.","4.9","53","0","0","1","2","50"
"[Substratum] Vacuum: Dark on Oreo","Personalization","Alice Project","https://play.google.com/store/apps/dev?id=6547192532146692983","4.8","16","0","0","0","4","12"
"TicketAlert 2018 Football Cup","Sports","Pixelgraf√≠a","https://play.google.com/store/apps/dev?id=8699058061429201995","2.8","12","5","0","3","1","3"
"Netomoji","Entertainment","FanHero","https://play.google.com/store/apps/developer?id=FanHero","4.5","97","1","7","5","9","75"
"My Child Lebensborn","Simulation","Sarepta Studio","https://play.google.com/store/apps/developer?id=Sarepta+Studio","5.0","59","0","0","0","2","57"
"[Substratum] Vacuum: Black on Oreo","Personalization","Alice Project","https://play.google.com/store/apps/dev?id=6547192532146692983","4.9","9","0","0","0","1","8"
"The School - White Day","Adventure","SONNORI","https://play.google.com/store/apps/developer?id=SONNORI","4.5","34","3","0","2","2","27"
"My Singing Monsters Composer","Music","Big Blue Bubble","https://play.google.com/store/apps/dev?id=4772512400666501557","4.2","67","5","2","8","13","39"
"Buried Alive","Puzzle","Trapped","https://play.google.com/store/apps/dev?id=9078315394529202806","4.1","7","0","1","1","1","4"
"üîù AMOLED 4K Black Wallpapers , Dark Backgrounds","Photography","Motion Wallpapers","https://play.google.com/store/apps/dev?id=5005220843709800158","3.4","5","2","0","0","0","3"
"HamStudy.org","Education","Signal Stuff","https://play.google.com/store/apps/developer?id=Signal+Stuff","4.6","23","1","1","1","1","19"
"supertype","Casual","Philipp Stollenmayer","https://play.google.com/store/apps/developer?id=Philipp+Stollenmayer","4.3","16","2","0","1","1","12"
"Russian Car Driver  ZIL 130 Premium","Simulation","ABGames89","https://play.google.com/store/apps/dev?id=5952057666589164114","4.3","20","1","1","2","3","13"
"Î©îÎ™®ÎùºÏù¥Ï¶à #3 <MEMORIZE> : ÌòïÏ†ú","Simulation","Ï°∞ÏïÑÎùº","https://play.google.com/store/apps/developer?id=%EC%A1%B0%EC%95%84%EB%9D%BC","4.9","64","1","0","0","5","58"
"Shred! 2 - Freeride Mountain Biking","Sports","ASBO Interactive","https://play.google.com/store/apps/developer?id=ASBO+Interactive","5.0","21","0","0","0","1","20"
"Ïò•Ï≤†Ïù¥ Î¥ÑÎπÑ Ïπ¥ÌÜ° ÌÖåÎßà","Entertainment","OGQ for theme","https://play.google.com/store/apps/developer?id=OGQ+for+theme","5.0","2","0","0","0","0","2"
"Ombi","Entertainment","TidusJar","https://play.google.com/store/apps/developer?id=TidusJar","4.2","11","0","1","3","0","7"
"Pro Analiz","Sports","%100 Kazan√ß","https://play.google.com/store/apps/developer?id=%25100+Kazan%C3%A7","4.2","45","6","1","1","5","32"
"Word Search Puzzle","Word","EWES ACADEMY","https://play.google.com/store/apps/dev?id=5916548178366868677","3.0","1","0","0","1","0","0"
"Camera 4K UHD","Photography","AKEL","https://play.google.com/store/apps/developer?id=AKEL","4.6","9","1","0","0","0","8"
"Í∏∞ÏñµÏùÑ ÎÖ∏ÎûòÌïòÎäî Ïù∏Ìòï","Simulation","ÏïÑÎãàÏä§ ÌÅ¨Î¶¨ÏóêÏù¥Ìã∞Î∏å","https://play.google.com/store/apps/developer?id=%EC%95%84%EB%8B%88%EC%8A%A4+%ED%81%AC%EB%A6%AC%EC%97%90%EC%9D%B4%ED%8B%B0%EB%B8%8C","4.8","9","0","0","1","0","8"
"Among the Stars","Board","Cublo","https://play.google.com/store/apps/dev?id=6228750114519237134","4.2","14","0","1","1","6","6"
"Bet Prediction VIP","Sports","Domenico Campeglia","https://play.google.com/store/apps/developer?id=Domenico+Campeglia","4.9","23","0","0","1","1","21"
"WC Tickets Notifier - FIFA World Cup Russia 2018","Sports","Maximiliano Neustadt","https://play.google.com/store/apps/developer?id=Maximiliano+Neustadt","5.0","1","0","0","0","0","1"
"Golden Eggs","Strategy","GOLDEN EGGS","https://play.google.com/store/apps/developer?id=GOLDEN+EGGS","3.7","25","2","1","5","11","6"
"Hiveswap Friendsim","Simulation","What Pumpkin Games, Inc.","https://play.google.com/store/apps/developer?id=What+Pumpkin+Games,+Inc.","4.6","29","2","1","0","2","24"
"XPERIA‚Ñ¢ Quadilic Theme","Personalization","Sony Mobile Communications","https://play.google.com/store/apps/dev?id=4851747018805076305","5.0","4","0","0","0","0","4"
"Speed Cameras, HUD, Radar Detector - ContraCam Pro","Maps & Navigation","Dmitry Cherevko","https://play.google.com/store/apps/developer?id=Dmitry+Cherevko","4.5","6","0","0","1","1","4"
"Funfair Ride Simulator 4","Simulation","Pixelsplit","https://play.google.com/store/apps/dev?id=6726214521466300746","3.7","54","9","2","10","8","25"
"Galatasaray Icon Pack","Personalization","TSN SOFT","https://play.google.com/store/apps/developer?id=TSN+SOFT","5.0","5","0","0","0","0","5"
"[Substratum] Twilight Night Dark","Personalization","Alice Project","https://play.google.com/store/apps/dev?id=6547192532146692983","4.6","12","0","0","2","1","9"
"Material X Rio","Personalization","Shuvro","https://play.google.com/store/apps/dev?id=7000400013194198247","5.0","6","0","0","0","0","6"
"OLED 4K PRO Wallpapers  (2960x1440)üì±üëå","Personalization","Motion Wallpapers","https://play.google.com/store/apps/dev?id=5005220843709800158","5.0","1","0","0","0","0","1"
"IAM Yoga Nidra‚Ñ¢","Health & Fitness","Kamini Desai","https://play.google.com/store/apps/developer?id=Kamini+Desai","5.0","1","0","0","0","0","1"
"Black Magic Icon Pack","Personalization","DrumDestroyer Themes","https://play.google.com/store/apps/dev?id=4682932724915294631","4.6","49","1","1","5","4","38"
"Mimber - Icon Pack","Personalization","A1 Design","https://play.google.com/store/apps/dev?id=8878636829882194092","4.2","8","1","0","0","2","5"
"pretty Easy privacy p‚â°p","Communication","pEp Security S.A.","https://play.google.com/store/apps/developer?id=pEp+Security+S.A.","3.6","8","1","1","1","2","3"
"P-Home for KLWP","Personalization","Jordan X 'Jobe1785'","https://play.google.com/store/apps/dev?id=5418093975158074617","5.0","1","0","0","0","0","1"
"Best Bet Odds VIP","Sports","Vallentine","https://play.google.com/store/apps/developer?id=Vallentine","4.9","12","0","0","0","1","11"
"Fine, I'll Quit","Productivity","App360 Apps","https://play.google.com/store/apps/developer?id=App360+Apps","3.4","7","2","1","0","0","4"
"Fast Charger 5x - Dark","Tools","üîãüîå Fast charger & üîíüõ°Ô∏è Applock & üõ†Ô∏è Optimizer","https://play.google.com/store/apps/developer?id=%F0%9F%94%8B%F0%9F%94%8C+Fast+charger+%26+%F0%9F%94%92%F0%9F%9B%A1%EF%B8%8F+Applock+%26+%F0%9F%9B%A0%EF%B8%8F+Optimizer","1.0","2","2","0","0","0","0"
"Kevin Toms World Football Cup","Sports","Kevin Toms Ltd","https://play.google.com/store/apps/developer?id=Kevin+Toms+Ltd","5.0","5","0","0","0","0","5"
"Vintage Knight watch","Lifestyle","Ram Mor","https://play.google.com/store/apps/developer?id=Ram+Mor","5.0","1","0","0","0","0","1"
"BOLT Icon Pack","Personalization","JustNewDesigns","https://play.google.com/store/apps/developer?id=JustNewDesigns","4.9","31","0","0","0","2","29"
"Army Promotion ArmyADP.com Deluxe","Education","ArmyADP.com","https://play.google.com/store/apps/developer?id=ArmyADP.com","0","0",0,0,0,0,0
"SHOWCASE UI for KLWP","Personalization","MARTIN DSOUZA","https://play.google.com/store/apps/dev?id=4823526762797878411","5.0","2","0","0","0","0","2"
"Elegant Launcher Pro 2 - 2018 - Launcher Theme","Personalization","lwsoftipl Apps","https://play.google.com/store/apps/dev?id=8210788778811696574","4.3","24","0","1","4","5","14"
"Lost Horizon 2","Adventure","Animation Arts Creative GmbH","https://play.google.com/store/apps/developer?id=Animation+Arts+Creative+GmbH","3.5","8","1","0","2","4","1"
"Luxury Fidget Spinner","Simulation","NosenseDevelop","https://play.google.com/store/apps/developer?id=NosenseDevelop","4.8","5","0","0","0","1","4"
"The Injected Mixture","Personalization","Darryl Dillon","https://play.google.com/store/apps/developer?id=Darryl+Dillon","5.0","6","0","0","0","0","6"
"Wonder Parade","Music","studioQuare","https://play.google.com/store/apps/developer?id=studioQuare","4.6","30","2","0","1","3","24"
"Klwp Cl√°ssico","Personalization","Design Ironic","https://play.google.com/store/apps/dev?id=7551330941579736810","0","0",0,0,0,0,0
"Camera Mod S9 - Bitrate & Settings [ROOT]","Tools","Sityware","https://play.google.com/store/apps/developer?id=Sityware","3.7","3","1","0","0","0","2"
"Nobunaga's Shadow","Role Playing","Ultaan Games","https://play.google.com/store/apps/developer?id=Ultaan+Games","4.9","7","0","0","0","1","6"
"Answers For Mobshow","Education","Tech Explorer","https://play.google.com/store/apps/developer?id=Tech+Explorer","3.3","23","8","1","1","1","12"
"T√©cnico Judici√°rio TRT2","Productivity","Concursos na M√£o","https://play.google.com/store/apps/developer?id=Concursos+na+M%C3%A3o","0","0",0,0,0,0,0
"Localize Me","Maps & Navigation","NosenseDevelop","https://play.google.com/store/apps/developer?id=NosenseDevelop","2.3","3","2","0","0","0","1"
"Basic UI","Personalization","Warsaenz","https://play.google.com/store/apps/developer?id=Warsaenz","0","0",0,0,0,0,0
"Android P | Xperia‚Ñ¢ Theme  4800+ icons","Personalization","The Gosa","https://play.google.com/store/apps/dev?id=8352484698901451873","5.0","2","0","0","0","0","2"
"Death Horizon VR","Action","Dream Dev Studio VR","https://play.google.com/store/apps/developer?id=Dream+Dev+Studio+VR","5.0","6","0","0","0","0","6"
"Fantasy Mosaics 28: Treasure Map","Puzzle","Andy Jurko","https://play.google.com/store/apps/dev?id=6718763145733666817","5.0","3","0","0","0","0","3"
"Benfo - Icon Pack","Personalization","A1 Design","https://play.google.com/store/apps/dev?id=8878636829882194092","4.0","5","1","0","0","1","3"
"Fover - Icon Pack","Personalization","A1 Design","https://play.google.com/store/apps/dev?id=8878636829882194092","3.7","6","2","0","0","0","4"
"Mino - Icon Pack","Personalization","Santiago Sarquis L","https://play.google.com/store/apps/developer?id=Santiago+Sarquis+L","5.0","7","0","0","0","0","7"
"Betology Major Odds VIP","Sports","Dream Logy","https://play.google.com/store/apps/developer?id=Dream+Logy","4.8","16","1","0","0","0","15"
"RL KWGT & KLCK","Personalization","RL Designs","https://play.google.com/store/apps/dev?id=6151075582151109293","5.0","4","0","0","0","0","4"
"Son Kpss Test-Bulmaca Pro","Education","Adem Akta≈ü","https://play.google.com/store/apps/developer?id=Adem+Akta%C5%9F","5.0","4","0","0","0","0","4"
"Betnumbers","Sports","Total Apps World","https://play.google.com/store/apps/developer?id=Total+Apps+World","4.7","3","0","0","0","1","2"
"Matura Ustna na 100% Premium","Education","VensusApps","https://play.google.com/store/apps/developer?id=VensusApps","3.3","9","2","1","1","2","3"
"Scalak","Puzzle","Hamster On Coke Games","https://play.google.com/store/apps/developer?id=Hamster+On+Coke+Games","5.0","1","0","0","0","0","1"
"X-Car Stunts","Racing","AliHaider","https://play.google.com/store/apps/developer?id=AliHaider","0","0",0,0,0,0,0
"Intuitive Guitar - Major Scale Modes","Education","AmparoSoft","https://play.google.com/store/apps/dev?id=9142365525037433995","4.7","41","1","0","1","5","34"
"Predictions Football Over Under","Sports","Systems Betting Academy","https://play.google.com/store/apps/developer?id=Systems+Betting+Academy","5.0","3","0","0","0","0","3"
"Music Player Pro","Music & Audio","Tool Apps (music, video, recorder)","https://play.google.com/store/apps/developer?id=Tool+Apps+%28music,+video,+recorder%29","4.5","11","0","0","2","2","7"
"EQQO","Adventure","Parallel Studio","https://play.google.com/store/apps/developer?id=Parallel+Studio","5.0","2","0","0","0","0","2"
"CoinMAMA PRO","Finance","Official Crypto Apps","https://play.google.com/store/apps/developer?id=Official+Crypto+Apps","3.8","6","1","1","0","0","4"
"Spiritsong Tarot","Lifestyle","The Fool's Dog","https://play.google.com/store/apps/developer?id=The+Fool%27s+Dog","0","0",0,0,0,0,0
"pureSynth Pro","Music & Audio","VTRsoftware","https://play.google.com/store/apps/developer?id=VTRsoftware","5.0","4","0","0","0","0","4"
"XPERIA Avengers Infinity War Theme","Personalization","KhandavPrastha","https://play.google.com/store/apps/developer?id=KhandavPrastha","4.5","6","0","1","0","0","5"
"Abyss and Dark #0 Ë≥¢Áéã„ÅÆÁõüÁ¥Ñ","Role Playing","AcodeBankJp","https://play.google.com/store/apps/developer?id=AcodeBankJp","4.4","7","0","0","1","2","4"
"Laborwerte Pro 5","Medical","Dr.M√ºller Steve","https://play.google.com/store/apps/developer?id=Dr.M%C3%BCller+Steve","5.0","7","0","0","0","0","7"
"Your Call Recorder Pro","Tools","SKVFCHAT LLC","https://play.google.com/store/apps/developer?id=SKVFCHAT+LLC","4.2","199","21","6","12","27","133"
"Elix - Icon Pack","Personalization","A1 Design","https://play.google.com/store/apps/dev?id=8878636829882194092","4.7","6","0","0","0","2","4"
"Slice Fractions 2","Education","Ululab","https://play.google.com/store/apps/developer?id=Ululab","5.0","2","0","0","0","0","2"
"–û–ì–≠ 2018. –ê–Ω–≥–ª–∏–π—Å–∫–∏–π —è–∑—ã–∫  - –ï. –°–æ–ª–æ–≤–æ–≤–∞ PRO","Education","TITUL Publishers","https://play.google.com/store/apps/developer?id=TITUL+Publishers","4.5","2","0","0","0","1","1"
"Rallyslingan - tr√§na rallylydnad med fantasi","Sports","Lotta Bergman","https://play.google.com/store/apps/developer?id=Lotta+Bergman","5.0","2","0","0","0","0","2"
"Supporter Betting Tips HT FT","Sports","Verlonus Winner","https://play.google.com/store/apps/developer?id=Verlonus+Winner","5.0","4","0","0","0","0","4"
"–°–ê–ú–û–°–ë–û–† ads-free","Adventure","ivd","https://play.google.com/store/apps/developer?id=ivd","5.0","5","0","0","0","0","5"
"School Dungeons","Role Playing","Study&Fun","https://play.google.com/store/apps/developer?id=Study%26Fun","5.0","34","0","0","0","0","34"
"VBE PARATOOLZ","Tools","VBE INC.","https://play.google.com/store/apps/developer?id=VBE+INC.","5.0","2","0","0","0","0","2"
"Silvery Blue Theme for LG G6& V30","Personalization","WSTeams","https://play.google.com/store/apps/developer?id=WSTeams","5.0","1","0","0","0","0","1"
"Universal Wisdom Oracle","Lifestyle","Oceanhouse Media, Inc.","https://play.google.com/store/apps/dev?id=6785444890720651855","0","0",0,0,0,0,0
"The Quest - Celtic Queen","Role Playing","Redshift Games","https://play.google.com/store/apps/developer?id=Redshift+Games","5.0","7","0","0","0","0","7"
"MZD Background Changer","Auto & Vehicles","Citt Tech","https://play.google.com/store/apps/developer?id=Citt+Tech","5.0","2","0","0","0","0","2"
"CI 174 Gray Icon Pack","Personalization","Coastal Images","https://play.google.com/store/apps/dev?id=5070356455691124088","5.0","2","0","0","0","0","2"
"CalculAAI","Productivity","AAI Brasil/RS","https://play.google.com/store/apps/developer?id=AAI+Brasil/RS","5.0","2","0","0","0","0","2"
"Live Well with Young Living","Health & Fitness","JENessentials","https://play.google.com/store/apps/developer?id=JENessentials","5.0","21","0","0","0","0","21"
"cero acn√©","Beauty","donyulio","https://play.google.com/store/apps/developer?id=donyulio","4.0","1","0","0","0","1","0"
"Digital Force Bag","Entertainment","Craig Squires & Nick Einhorn","https://play.google.com/store/apps/developer?id=Craig+Squires+%26+Nick+Einhorn","5.0","2","0","0","0","0","2"
"Secret of Harrow Manor VR","Adventure","Only Human Studios","https://play.google.com/store/apps/developer?id=Only+Human+Studios","5.0","1","0","0","0","0","1"
"Hearing Aid for Oreo 8.0","Medical","StereoMatch","https://play.google.com/store/apps/developer?id=StereoMatch","4.2","4","0","1","0","0","3"
"Calculadora Hiperinflaci√≥n Venezuela","Finance","Econom√©trica IE, C.A.","https://play.google.com/store/apps/developer?id=Econom%C3%A9trica+IE,+C.A.","0","0",0,0,0,0,0
"Tattoo Stencil","Photography","Pony Lawson","https://play.google.com/store/apps/developer?id=Pony+Lawson","4.3","3","0","0","1","0","2"
"Viking Village","Adventure","Limitless Fun, LLC","https://play.google.com/store/apps/developer?id=Limitless+Fun,+LLC","4.5","17","1","0","0","5","11"
"Dancing Line US - UK","Arcade","Sun Monkey","https://play.google.com/store/apps/dev?id=9154509758501767875","3.8","4","1","0","0","1","2"
"Viktoria Light Substratum Theme [Samsung]","Personalization","Giorgio Cantoni (folgore95)","https://play.google.com/store/apps/dev?id=9158262775411291866","5.0","1","0","0","0","0","1"
"ProCam Hero 5 Session","Productivity","Cameralux Corporation","https://play.google.com/store/apps/developer?id=Cameralux+Corporation","0","0",0,0,0,0,0
"Random Encounters 5E for D&D (Monsters & Treasure)","Entertainment","Whatentar Software","https://play.google.com/store/apps/developer?id=Whatentar+Software","0","0",0,0,0,0,0
"Linex - Icon Pack","Personalization","A1 Design","https://play.google.com/store/apps/dev?id=8878636829882194092","4.2","5","1","0","0","0","4"
"Wiskunde vir Beginners in afrikaans","Educational","SMART GECKO SOFTWARE DEVELOPMENT (PTY) LTD","https://play.google.com/store/apps/developer?id=SMART+GECKO+SOFTWARE+DEVELOPMENT+%28PTY%29+LTD","0","0",0,0,0,0,0
"Mosaic Blue EMUI 5/8 Theme","Personalization","hanni","https://play.google.com/store/apps/dev?id=7424004801529186504","0","0",0,0,0,0,0
"HT/FT Fixed Matches 100%","Sports","Jacobo Tutorials","https://play.google.com/store/apps/dev?id=5992837831423071823","0","0",0,0,0,0,0
"Omega - Icon Pack","Personalization","FL Design","https://play.google.com/store/apps/developer?id=FL+Design","5.0","3","0","0","0","0","3"
"Wheelie King 3D Premium","Racing","Kimble Games","https://play.google.com/store/apps/developer?id=Kimble+Games","5.0","41","0","0","0","0","41"
"Splice - Video Editor + Movie Maker PRO","Video Players & Editors","Sonal World","https://play.google.com/store/apps/developer?id=Sonal+World","0","0",0,0,0,0,0
"Mixed Effect UI Kustom/Klwp","Personalization","Predator Haley‚Ñ¢","https://play.google.com/store/apps/dev?id=8791691560148189973","5.0","6","0","0","0","0","6"
"UNICORN ROUNDIES ICON PACK","Personalization","DrumDestroyer Themes","https://play.google.com/store/apps/dev?id=4682932724915294631","4.8","22","0","1","0","1","20"
"Tiny Defense - Mini Robot Wars","Strategy","Picsoft Studios","https://play.google.com/store/apps/developer?id=Picsoft+Studios","4.9","10","0","0","0","1","9"
"Kontrast","Puzzle","Zwartekoffie","https://play.google.com/store/apps/developer?id=Zwartekoffie","5.0","28","0","0","0","1","27"
"traba tu lengua de amor","Libraries & Demo","donyulio","https://play.google.com/store/apps/developer?id=donyulio","3.5","2","0","0","1","1","0"
"Daily Worship","Lifestyle","Thought Collective","https://play.google.com/store/apps/developer?id=Thought+Collective","0","0",0,0,0,0,0
"NZ Topo Maps & Marine Charts - Hunting & Fishing","Maps & Navigation","Memory-Map Aus/NZ","https://play.google.com/store/apps/developer?id=Memory-Map+Aus/NZ","5.0","2","0","0","0","0","2"
"P - EMUI 8.0/5.X Theme","Personalization","Hamzio7","https://play.google.com/store/apps/dev?id=5367868795101766470","4.4","9","0","1","1","0","7"
"Pinned-Up","Personalization","E.L.Designs","https://play.google.com/store/apps/developer?id=E.L.Designs","4.7","3","0","0","0","1","2"
"Mini Golf Arena","Sports","Evoluta Studio","https://play.google.com/store/apps/dev?id=8641419559025429772","5.0","3","0","0","0","0","3"
"P Icon Pack for Pixel","Personalization","XDesign Team","https://play.google.com/store/apps/dev?id=5035325621997083226","3.0","2","1","0","0","0","1"
"recogidos con trenzas","Beauty","alcantara","https://play.google.com/store/apps/developer?id=alcantara","3.0","2","0","0","2","0","0"
"Gluten Free Food Finder PRO","Health & Fitness","kheusdev","https://play.google.com/store/apps/developer?id=kheusdev","5.0","1","0","0","0","0","1"
"MIUI LIMITLESS - ICON PACK HD","Personalization","Cris87","https://play.google.com/store/apps/dev?id=4952413072724821519","5.0","13","0","0","0","0","13"
"cura presion arterial y mucho mas","Health & Fitness","alcantara","https://play.google.com/store/apps/developer?id=alcantara","4.0","1","0","0","0","1","0"
"Trade in the Verse","Entertainment","Magnum Labs","https://play.google.com/store/apps/developer?id=Magnum+Labs","4.7","3","0","0","0","1","2"
"Rounded Corner Theme","Personalization","Indias Big head","https://play.google.com/store/apps/developer?id=Indias+Big+head","4.7","17","1","0","0","1","15"
"tratamiento para axilas oscuras","Beauty","alcantara","https://play.google.com/store/apps/developer?id=alcantara","0","0",0,0,0,0,0
"CashKnight ( Soul Event Version )","Role Playing","SUPERCLAY Inc","https://play.google.com/store/apps/dev?id=7119777838063241228","4.5","125","10","1","3","13","98"
"Grand - Icon Pack","Personalization","Olivera Onias","https://play.google.com/store/apps/dev?id=8582752175205301328","3.4","5","2","0","0","0","3"
"Rezeptrechner","Health & Fitness","Tina Szkorupa","https://play.google.com/store/apps/developer?id=Tina+Szkorupa","0","0",0,0,0,0,0
"crea perfumes","Beauty","alcantara","https://play.google.com/store/apps/developer?id=alcantara","0","0",0,0,0,0,0
"Apphealing","Health & Fitness","The First Principle, LLC","https://play.google.com/store/apps/developer?id=The+First+Principle,+LLC","5.0","10","0","0","0","0","10"
"JLPT N5 PRO","Education","oCoder App","https://play.google.com/store/apps/developer?id=oCoder+App","5.0","1","0","0","0","0","1"
"Laboratory Lab values Pro 5","Medical","Dr.M√ºller Steve","https://play.google.com/store/apps/developer?id=Dr.M%C3%BCller+Steve","5.0","4","0","0","0","0","4"
"Rubik‚Äôs Cube Augmented!","Adventure","MERGE","https://play.google.com/store/apps/developer?id=MERGE","5.0","1","0","0","0","0","1"
"Particle Live Wallpaper n Play Pro","Personalization","Rubbish Collector","https://play.google.com/store/apps/developer?id=Rubbish+Collector","0","0",0,0,0,0,0
"como dormir en 5 minutos","Health & Fitness","alcantara","https://play.google.com/store/apps/developer?id=alcantara","0","0",0,0,0,0,0
"WiFi Time Tracker","Business","VKSolutions","https://play.google.com/store/apps/developer?id=VKSolutions","0","0",0,0,0,0,0
"tips para el cabello","Beauty","donyulio","https://play.google.com/store/apps/developer?id=donyulio","3.0","1","0","0","1","0","0"
"PTR Coach Plus","Sports","Professional Tennis Registry, Inc.","https://play.google.com/store/apps/developer?id=Professional+Tennis+Registry,+Inc.","0","0",0,0,0,0,0
"FUNDAmentals Biyoloji / antiBƒ∞YOtik / TYT & AYT","Education","Fundamentals Biyoloji","https://play.google.com/store/apps/developer?id=Fundamentals+Biyoloji","5.0","1","0","0","0","0","1"
"Simple Sighmon","Puzzle","Ronald Almeida","https://play.google.com/store/apps/developer?id=Ronald+Almeida","0","0",0,0,0,0,0
"Dream City Life: Urban Survival Edition","Role Playing","Inspire Games Nexus","https://play.google.com/store/apps/dev?id=5906098688400705249","5.0","2","0","0","0","0","2"
"CUENTOS PARA DORMIR PARA TODAS LAS EDADES","Libraries & Demo","donyulio","https://play.google.com/store/apps/developer?id=donyulio","0","0",0,0,0,0,0
"Thema-Material Vitage","Personalization"," ç»ù‘≥‘π ‘µ»ù ç‘π’è ’ê‘∫","https://play.google.com/store/apps/dev?id=5305782302339588477","4.8","5","0","0","0","1","4"
"VIP Betting Tips","Sports","GreenWallet","https://play.google.com/store/apps/developer?id=GreenWallet","4.2","5","1","0","0","0","4"
"Control DEEBOT for Ecovacs and Helper Robotic","Productivity","Cameralux Corporation","https://play.google.com/store/apps/developer?id=Cameralux+Corporation","0","0",0,0,0,0,0
"buena salud","Health & Fitness","donyulio","https://play.google.com/store/apps/developer?id=donyulio","0","0",0,0,0,0,0
"Warriors' Market Mayhem VIP","Role Playing","Cat Lab","https://play.google.com/store/apps/dev?id=7881531158134505254","5.0","2","0","0","0","0","2"
"Best English Idioms & Phrases (Pro)","Education","LT Software - AppForYou","https://play.google.com/store/apps/dev?id=5047194287905225080","0","0",0,0,0,0,0
"Un esqueleto en el colegio","Books & Reference","donyulio","https://play.google.com/store/apps/developer?id=donyulio","3.0","1","0","0","1","0","0"
"Perfect Fifth","Music & Audio","Aidan O'Malley","https://play.google.com/store/apps/developer?id=Aidan+O%27Malley","0","0",0,0,0,0,0
"Firefight","Strategy","Sean O'Connor","https://play.google.com/store/apps/dev?id=5875330403581467051","3.7","11","2","0","1","4","4"
"Pixel 3 Super AMOLED Wallpapers PRO (2960x1440)","Personalization","Motion Wallpapers","https://play.google.com/store/apps/dev?id=5005220843709800158","5.0","1","0","0","0","0","1"
"El rat√≥n que quer√≠a cazar nubes","Books & Reference","donyulio","https://play.google.com/store/apps/developer?id=donyulio","0","0",0,0,0,0,0
"Traveler Compass Animated Watchface for WatchMaker","Communication","JMK32DIGITAL","https://play.google.com/store/apps/dev?id=7436880453809841634","0","0",0,0,0,0,0
"Dinadan Icon Pack","Personalization","Morrone Fabio","https://play.google.com/store/apps/developer?id=Morrone+Fabio","5.0","20","0","0","0","0","20"
"SUPER AMOLED Plus Wallpapers PRO (2960x1440)","Personalization","Motion Wallpapers","https://play.google.com/store/apps/dev?id=5005220843709800158","1.0","1","1","0","0","0","0"
"The Vigil Files: Case 1","Simulation","Lowkey Fun","https://play.google.com/store/apps/developer?id=Lowkey+Fun","5.0","9","0","0","0","0","9"
"Paper Blast","Puzzle","Peter Cook","https://play.google.com/store/apps/developer?id=Peter+Cook","5.0","4","0","0","0","0","4"
"VBE EVP ENHANCER","Tools","VBE INC.","https://play.google.com/store/apps/developer?id=VBE+INC.","5.0","1","0","0","0","0","1"
"Glitch Editor üì∑ (NO ADS)","Art & Design","Z&Ms Studio, inc","https://play.google.com/store/apps/developer?id=Z%26Ms+Studio,+inc","5.0","1","0","0","0","0","1"
"QR Code Generator Pro","Tools","OsmAndroid","https://play.google.com/store/apps/developer?id=OsmAndroid","5.0","4","0","0","0","0","4"
"Setup Developer Tool 2018","Racing","Tim McArthur","https://play.google.com/store/apps/developer?id=Tim+McArthur","5.0","1","0","0","0","0","1"
"UPSC IAS All in One - Study for 2018 Paid Ad free","Education","Soham Bhattacharya","https://play.google.com/store/apps/developer?id=Soham+Bhattacharya","0","0",0,0,0,0,0
"HorseHotel Premium","Simulation","Tivola","https://play.google.com/store/apps/dev?id=8927372468482477196","5.0","1","0","0","0","0","1"
"–î–µ–ª—å—Ç–∞ –¢–µ—Å—Ç - –û–°–ü–°","Books & Reference","UP Developers","https://play.google.com/store/apps/developer?id=UP+Developers","0","0",0,0,0,0,0
"cuidados de un motor de auto","Auto & Vehicles","eltocayo","https://play.google.com/store/apps/developer?id=eltocayo","3.0","1","0","0","1","0","0"
"JD PREMIUM","Video Players & Editors","Hideout10uk","https://play.google.com/store/apps/developer?id=Hideout10uk","5.0","1","0","0","0","0","1"
"DESINFLAMA TU VIENTRE","Health & Fitness","alcantara","https://play.google.com/store/apps/developer?id=alcantara","4.0","2","0","0","0","2","0"
"Nourished Mummy Project","Food & Drink","Fit Mummy Project Pty Ltd","https://play.google.com/store/apps/developer?id=Fit+Mummy+Project+Pty+Ltd","0","0",0,0,0,0,0
"xCoins Platform","Finance","Cryptocurrency Company Apps","https://play.google.com/store/apps/developer?id=Cryptocurrency+Company+Apps","5.0","1","0","0","0","0","1"
"Instabill","Business","E-Startup India","https://play.google.com/store/apps/developer?id=E-Startup+India","5.0","3","0","0","0","0","3"
"Pigs In War - Strategy Game","Strategy","Epic Forge","https://play.google.com/store/apps/dev?id=4753490543437411657","4.8","19","1","0","0","0","18"
"Gradient Material UI","Personalization","Eduardo B5to","https://play.google.com/store/apps/dev?id=5545346948093021066","5.0","4","0","0","0","0","4"
"Tricky Ball","Arcade","Ak GameLabs","https://play.google.com/store/apps/developer?id=Ak+GameLabs","0","0",0,0,0,0,0
"Cookie Tapper","Arcade","Ak GameLabs","https://play.google.com/store/apps/developer?id=Ak+GameLabs","0","0",0,0,0,0,0
"Marta Lerele y el concurso de torrijas","Libraries & Demo","donyulio","https://play.google.com/store/apps/developer?id=donyulio","3.0","3","0","0","3","0","0"
"Vibrant Spring Watch Face Pack 10 for Bubble Cloud","Personalization","DYNA Logix","https://play.google.com/store/apps/dev?id=6165670359285464177","5.0","1","0","0","0","0","1"
"Amoled Launcher","Personalization","Akshay Katariya","https://play.google.com/store/apps/developer?id=Akshay+Katariya","4.9","59","0","0","1","3","55"
"Ghost Hunter","Arcade","Humayun GameCons","https://play.google.com/store/apps/developer?id=Humayun+GameCons","0","0",0,0,0,0,0
"MS - PJ054 Theme for KLWP","Personalization","Marcello Sillva","https://play.google.com/store/apps/dev?id=6669485389343468266","0","0",0,0,0,0,0
"Nicolas de Sta√´l in Provence","Art & Design","Culturespaces","https://play.google.com/store/apps/developer?id=Culturespaces","0","0",0,0,0,0,0
"PixIt for KWGT","Personalization","Apitiphy","https://play.google.com/store/apps/developer?id=Apitiphy","5.0","1","0","0","0","0","1"
"Police Lights 2: PRO","Entertainment","Orium games","https://play.google.com/store/apps/dev?id=8770119409181130677","3.9","11","3","0","0","0","8"
"Dead End Alley","Action","Cry Havoc Games","https://play.google.com/store/apps/developer?id=Cry+Havoc+Games","0","0",0,0,0,0,0
"Flagship Phone AMOLED Wallpapers PRO (2960x1440)","Personalization","Motion Wallpapers","https://play.google.com/store/apps/dev?id=5005220843709800158","0","0",0,0,0,0,0
"TintedHome for KLWP","Personalization","Jordan X 'Jobe1785'","https://play.google.com/store/apps/dev?id=5418093975158074617","4.7","3","0","0","0","1","2"
"Youth Bible Quiz 18","Education","The Foundry Publishing","https://play.google.com/store/apps/developer?id=The+Foundry+Publishing","5.0","1","0","0","0","0","1"
"Sub4Sub Pro (No Ads)","Tools","dev.hdcstudio","https://play.google.com/store/apps/developer?id=dev.hdcstudio","3.7","6","2","0","0","0","4"
"PolyKromos","Arcade","Alien Realm Studio","https://play.google.com/store/apps/developer?id=Alien+Realm+Studio","5.0","11","0","0","0","0","11"
"ojos radiantes","Beauty","donyulio","https://play.google.com/store/apps/developer?id=donyulio","0","0",0,0,0,0,0
"Ginevra Icon Pack","Personalization","Morrone Fabio","https://play.google.com/store/apps/developer?id=Morrone+Fabio","5.0","4","0","0","0","0","4"
"TEAMS Air Monitoring","Business","Mark One Consultants","https://play.google.com/store/apps/developer?id=Mark+One+Consultants","0","0",0,0,0,0,0
"Emigrantas TV","Lifestyle","Emigrantas, LLC","https://play.google.com/store/apps/developer?id=Emigrantas,+LLC","3.0","2","1","0","0","0","1"
"LG G7 Experience - Icon Pack","Personalization","LeoMaz dev.","https://play.google.com/store/apps/dev?id=7767856937597453836","5.0","5","0","0","0","0","5"
"Beegnostic (Full) - bees acoustic diagnose app","Tools","LucmaSoft","https://play.google.com/store/apps/dev?id=7159802790466848065","5.0","2","0","0","0","0","2"
"CS go bomb simulator","Casual","zarG Byte","https://play.google.com/store/apps/developer?id=zarG+Byte","5.0","4","0","0","0","0","4"
"NOTARZT Pro 3","Medical","Dr.M√ºller Steve","https://play.google.com/store/apps/developer?id=Dr.M%C3%BCller+Steve","5.0","3","0","0","0","0","3"
"Watch Face Fs Ferrari style for all wear","Lifestyle","fatih sendur","https://play.google.com/store/apps/developer?id=fatih+sendur","0","0",0,0,0,0,0
"Trivia Help","Tools","Trivia","https://play.google.com/store/apps/developer?id=Trivia","1.0","1","1","0","0","0","0"
"WiFi Signal Strength Meter Pro","Tools","WiFi Booster - WiFi Signal Booster","https://play.google.com/store/apps/dev?id=6795465824906676293","5.0","1","0","0","0","0","1"
"MUROBAS","Finance","BA≈ûKAN","https://play.google.com/store/apps/developer?id=BA%C5%9EKAN","5.0","2","0","0","0","0","2"
"postres dulces","Food & Drink","donyulio","https://play.google.com/store/apps/developer?id=donyulio","3.0","1","0","0","1","0","0"
"La hamburguesa que no quer√≠a ser da√±ina","Libraries & Demo","eltocayo","https://play.google.com/store/apps/developer?id=eltocayo","3.0","1","0","0","1","0","0"
"Wisely : Camino Portugu√©s","Travel & Local","Wise Pilgrim","https://play.google.com/store/apps/developer?id=Wise+Pilgrim","0","0",0,0,0,0,0
"Battery Charging Animation + full battery alarm","Tools","Neelam Bhanushali","https://play.google.com/store/apps/developer?id=Neelam+Bhanushali","5.0","1","0","0","0","0","1"
"salud bucal","Health & Fitness","donyulio","https://play.google.com/store/apps/developer?id=donyulio","0","0",0,0,0,0,0
"Rocky Mountain National Park GyPSy Guide","Travel & Local","GyPSy Guide","https://play.google.com/store/apps/developer?id=GyPSy+Guide","0","0",0,0,0,0,0
"God of Battle VIP","Role Playing","DAERISOFT","https://play.google.com/store/apps/dev?id=5362355705811727981","5.0","2","0","0","0","0","2"
"Outdoor Explorer Colorado - Ultimate Travel Guide!","Maps & Navigation","GeoPOI LLC","https://play.google.com/store/apps/developer?id=GeoPOI+LLC","5.0","2","0","0","0","0","2"
"ViewApp","Tools","Stalin EZ","https://play.google.com/store/apps/developer?id=Stalin+EZ","5.0","1","0","0","0","0","1"
"Ïπ¥Ïπ¥Ïò§ÌÜ°ÌÖåÎßà - Î∏îÎü¨ [ Blur ]","Entertainment","ÏïÑÏø† Arius","https://play.google.com/store/apps/developer?id=%EC%95%84%EC%BF%A0+Arius","5.0","12","0","0","0","0","12"
"Daily Vip Betting Tips","Sports","Limantech Mobile","https://play.google.com/store/apps/developer?id=Limantech+Mobile","5.0","7","0","0","0","0","7"
"Bikers Inner Circle Radio","Music & Audio","BIC Productions","https://play.google.com/store/apps/developer?id=BIC+Productions","5.0","1","0","0","0","0","1"
"Space Runner","Arcade","Space Jump Runner games","https://play.google.com/store/apps/developer?id=Space+Jump+Runner+games","5.0","3","0","0","0","0","3"
"Futunic Series v39","Art & Design","Dessy Dwi Diyanto","https://play.google.com/store/apps/developer?id=Dessy+Dwi+Diyanto","5.0","1","0","0","0","0","1"
"Dinolango","Racing","Neivson Silva Cerqueira","https://play.google.com/store/apps/developer?id=Neivson+Silva+Cerqueira","5.0","3","0","0","0","0","3"
"Artoo","Education","Alchemilla","https://play.google.com/store/apps/developer?id=Alchemilla","5.0","1","0","0","0","0","1"
"Dawson Sounds!: A Shane Dawson Soundboard","Entertainment","That's My Face","https://play.google.com/store/apps/developer?id=That%27s+My+Face","5.0","1","0","0","0","0","1"
"–ï–ì–≠ 2018. –ê–Ω–≥–ª–∏–π—Å–∫–∏–π —è–∑—ã–∫ - –ï. –°–æ–ª–æ–≤–æ–≤–∞ PRO","Education","TITUL Publishers","https://play.google.com/store/apps/developer?id=TITUL+Publishers","0","0",0,0,0,0,0
"ProCalc Anesthesia","Medical","SanCo Anesthesia PLLC","https://play.google.com/store/apps/developer?id=SanCo+Anesthesia+PLLC","5.0","1","0","0","0","0","1"
"postres vol.1","Food & Drink","eltocayo","https://play.google.com/store/apps/developer?id=eltocayo","0","0",0,0,0,0,0
"FEIA Child‚Äôs Development","Health & Fitness","FEIA","https://play.google.com/store/apps/developer?id=FEIA","4.0","4","1","0","0","0","3"
"pobla peres run","Casual","Chulengol","https://play.google.com/store/apps/developer?id=Chulengol","5.0","7","0","0","0","0","7"
"Royal Emoji","Entertainment","Babushka Mobile LLC","https://play.google.com/store/apps/developer?id=Babushka+Mobile+LLC","5.0","1","0","0","0","0","1"
"Odici - Icon Pack","Personalization","A1 Design","https://play.google.com/store/apps/dev?id=8878636829882194092","4.2","35","3","0","4","8","20"
"The Fixies: new game for kids","Arcade","King Bird Games","https://play.google.com/store/apps/dev?id=5415301411857753051","0","0",0,0,0,0,0
"Consulta DNI Per√∫ Pro üáµüá™üîç","Productivity","Victor Rosario Dev.","https://play.google.com/store/apps/dev?id=8309821654310744073","4.0","5","1","0","0","1","3"
"Airsoft Bomb","Simulation","Loran Tecnologia","https://play.google.com/store/apps/developer?id=Loran+Tecnologia","5.0","2","0","0","0","0","2"
"SetupPro for Beats Headphones","Productivity","Cameralux Corporation","https://play.google.com/store/apps/developer?id=Cameralux+Corporation","0","0",0,0,0,0,0
"DISTRAINT: Deluxe Edition","Adventure","Jesse Makkonen","https://play.google.com/store/apps/developer?id=Jesse+Makkonen","5.0","4","0","0","0","0","4"
"manualidad 3a5","Art & Design","eltocayo","https://play.google.com/store/apps/developer?id=eltocayo","0","0",0,0,0,0,0
"Fix Dead Pixels: No Ads","Tools","ZooxSoft","https://play.google.com/store/apps/developer?id=ZooxSoft","3.0","1","0","0","1","0","0"
"Los amigos del ping√ºino","Libraries & Demo","ivonne","https://play.google.com/store/apps/developer?id=ivonne","0","0",0,0,0,0,0
"Fonry - Icon Pack","Personalization","A1 Design","https://play.google.com/store/apps/dev?id=8878636829882194092","4.5","17","1","0","0","4","12"
"FM Radio Transmitter Pro","Entertainment","zurdoApps","https://play.google.com/store/apps/dev?id=5447502330536072683","0","0",0,0,0,0,0
"Askeri Alƒ±mlar ve MS√ú S√∂zl√º M√ºlakat Sorularƒ±","Education","Emre KOCƒ∞","https://play.google.com/store/apps/developer?id=Emre+KOC%C4%B0","4.3","3","0","0","1","0","2"
"Underdeck English","Card","UnderDeck","https://play.google.com/store/apps/developer?id=UnderDeck","3.5","2","0","0","1","1","0"
"WinRar - Zip to UnZip","Tools","SA Tech&Creations","https://play.google.com/store/apps/developer?id=SA+Tech%26Creations","0","0",0,0,0,0,0
"Nano y la noche oscura","Libraries & Demo","Rupertips","https://play.google.com/store/apps/developer?id=Rupertips","0","0",0,0,0,0,0
"Lollipop Retro : Xperia Theme","Personalization","Themes MorS√°n","https://play.google.com/store/apps/dev?id=6069221541377551049","5.0","10","0","0","0","0","10"
"PocketTarget 25","Sports","Boris Cheredinov","https://play.google.com/store/apps/developer?id=Boris+Cheredinov","0","0",0,0,0,0,0
"embarazo tercer trimestre","Health & Fitness","maryta","https://play.google.com/store/apps/developer?id=maryta","0","0",0,0,0,0,0
"embarazo segundo trimestre","Parenting","maryta","https://play.google.com/store/apps/developer?id=maryta","0","0",0,0,0,0,0
"embarazo primer trimestre","Parenting","maryta","https://play.google.com/store/apps/developer?id=maryta","0","0",0,0,0,0,0
"Childrens Coloring Book Age 3 -10","Educational","Rommel Carpio","https://play.google.com/store/apps/developer?id=Rommel+Carpio","5.0","1","0","0","0","0","1"
"Lg Service Remote Control","Tools","AndreyMakarov","https://play.google.com/store/apps/developer?id=AndreyMakarov","4.0","4","1","0","0","0","3"
"Bit Music - theme for CarWebGuru Launcher","Auto & Vehicles","SoftArtStudio","https://play.google.com/store/apps/developer?id=SoftArtStudio","0","0",0,0,0,0,0
"WATER Wallpapers 4K Pro ( WATER Backgrounds )","Personalization","Motion Wallpapers","https://play.google.com/store/apps/dev?id=5005220843709800158","3.8","9","2","0","1","1","5"
"Fork Knife","Puzzle","Ron Dicksen","https://play.google.com/store/apps/developer?id=Ron+Dicksen","5.0","3","0","0","0","0","3"
"West Bet VIP Betting Tips","Sports","West Mobile Tech.","https://play.google.com/store/apps/developer?id=West+Mobile+Tech.","0","0",0,0,0,0,0
"POK Therapist Pro","Education","Ryan Gebhart","https://play.google.com/store/apps/developer?id=Ryan+Gebhart","0","0",0,0,0,0,0
"Silvery Blue Theme for LG V20 & G5","Personalization","WSTeams","https://play.google.com/store/apps/developer?id=WSTeams","0","0",0,0,0,0,0
"Ear Spy Super Hearing PRO","Medical","Mixer Studio","https://play.google.com/store/apps/developer?id=Mixer+Studio","0","0",0,0,0,0,0
"AMOLED PLUS Wallpapers PRO  (2960x1440)üì±üëåüëå","Personalization","Motion Wallpapers","https://play.google.com/store/apps/dev?id=5005220843709800158","0","0",0,0,0,0,0
"Chiwi for KWGT","Personalization","Anderson Diaz","https://play.google.com/store/apps/dev?id=5125996241505049795","0","0",0,0,0,0,0
"alimentaci√≥n para beb√©s","Food & Drink","maryta","https://play.google.com/store/apps/developer?id=maryta","4.0","1","0","0","0","1","0"
"Droneception","Photography","Unmanned Airlines","https://play.google.com/store/apps/developer?id=Unmanned+Airlines","0","0",0,0,0,0,0
"Frida","Personalization","Pens and DreamS","https://play.google.com/store/apps/developer?id=Pens+and+DreamS","4.7","3","0","0","0","1","2"
"100NHAS","Puzzle","Bragi Est√∫dios","https://play.google.com/store/apps/developer?id=Bragi+Est%C3%BAdios","5.0","6","0","0","0","0","6"
"ProHome for Shark ION Vacuum","Productivity","Cameralux Corporation","https://play.google.com/store/apps/developer?id=Cameralux+Corporation","0","0",0,0,0,0,0
"JLPT Test Pro (Japanese Test Pro)","Education","oCoder App","https://play.google.com/store/apps/developer?id=oCoder+App","5.0","1","0","0","0","0","1"
"Square Pixel Dark Black AMOLED UI - Icon Pack","Personalization","Lohigno Design","https://play.google.com/store/apps/dev?id=8358023727073842269","5.0","2","0","0","0","0","2"
"MetaTrader 4 Pro Signals Premium","Finance","InforSolutions","https://play.google.com/store/apps/developer?id=InforSolutions","0","0",0,0,0,0,0
"LSA code","Books & Reference","FL‚Ñ¢","https://play.google.com/store/apps/developer?id=FL%E2%84%A2","0","0",0,0,0,0,0
"Ïù¥Í∑∏ÎùºÏä§ÎåÄÏ†ÑVR [Ï†ïÍ∏ÄÏóêÏÑúÏÇ¥ÏïÑÎÇ®Í∏∞]","Action","mCoCoA","https://play.google.com/store/apps/developer?id=mCoCoA","5.0","2","0","0","0","0","2"
"Saboteur II - Full Version","Action","Clive Townsend","https://play.google.com/store/apps/developer?id=Clive+Townsend","0","0",0,0,0,0,0
"Agente Telecomunica√ß√µes PCSP","Productivity","Concursos na M√£o","https://play.google.com/store/apps/developer?id=Concursos+na+M%C3%A3o","0","0",0,0,0,0,0
"Netfilmes HD PRO","Entertainment","Connected World","https://play.google.com/store/apps/dev?id=7641456356941655418","0","0",0,0,0,0,0
"No Zero Days","Productivity","Elliot Nash","https://play.google.com/store/apps/developer?id=Elliot+Nash","5.0","1","0","0","0","0","1"
"Super Black AMOLED PRO Wallpapers (2960x1440)üì±üëå","Personalization","Motion Wallpapers","https://play.google.com/store/apps/dev?id=5005220843709800158","0","0",0,0,0,0,0
"Banksy's Bristol Tour","Maps & Navigation","SK - UK","https://play.google.com/store/apps/developer?id=SK+-+UK","0","0",0,0,0,0,0
"Coral","Personalization","Atanu Sanyal","https://play.google.com/store/apps/dev?id=8082276105481481415","5.0","2","0","0","0","0","2"
"Ecovacs Deebot Helper Robotic Vacuum","Productivity","Cameralux Corporation","https://play.google.com/store/apps/developer?id=Cameralux+Corporation","0","0",0,0,0,0,0
"mejora la circulacion","Health & Fitness","eltocayo","https://play.google.com/store/apps/developer?id=eltocayo","0","0",0,0,0,0,0
"MEDcod Todas as tabelas","Medical","Dr. Eric Grossi - Neurocirurgia  em BH","https://play.google.com/store/apps/dev?id=4619773338280292804","5.0","2","0","0","0","0","2"
"Math puzzles PRO 2","Puzzle","B2A Apps","https://play.google.com/store/apps/developer?id=B2A+Apps","3.6","22","5","1","2","4","10"
"Clinometer PRO","Tools","Smart Tool Factory","https://play.google.com/store/apps/dev?id=6602063949861568568","5.0","1","0","0","0","0","1"
"Puigdemont GO! - FULL VERSION","Adventure","TEIXWEB STUDIO","https://play.google.com/store/apps/developer?id=TEIXWEB+STUDIO","0","0",0,0,0,0,0
"u√±as acrilicas pasos","Beauty","eltocayo","https://play.google.com/store/apps/developer?id=eltocayo","3.0","1","0","0","1","0","0"
"Air Manager","Tools","Sim Innovations B.V.","https://play.google.com/store/apps/developer?id=Sim+Innovations+B.V.","5.0","4","0","0","0","0","4"
"Battle of Vicksburg","Action","Thorium Game Lab","https://play.google.com/store/apps/developer?id=Thorium+Game+Lab","3.7","3","1","0","0","0","2"
"Retom - Icon Pack","Personalization","A1 Design","https://play.google.com/store/apps/dev?id=8878636829882194092","4.6","10","0","0","1","2","7"
"OneClock Pro","Lifestyle","De Millennial","https://play.google.com/store/apps/developer?id=De+Millennial","0","0",0,0,0,0,0
"Audio Game: Wizard's Choice 2","Role Playing","Delight Games","https://play.google.com/store/apps/dev?id=5443760275283054929","5.0","1","0","0","0","0","1"
"Fly the Gun - Flip weapons pro","Casual","Flip the Gun","https://play.google.com/store/apps/developer?id=Flip+the+Gun","0","0",0,0,0,0,0
"The Zones of Regulation : Exploring Emotions","Education","Kuypers Consulting, Inc.","https://play.google.com/store/apps/developer?id=Kuypers+Consulting,+Inc.","0","0",0,0,0,0,0
"Care-Moji Stickers","Art & Design","Zenspirations, LLC","https://play.google.com/store/apps/developer?id=Zenspirations,+LLC","0","0",0,0,0,0,0
"ÂõΩÂÜÖÊóÖË°åÊ•≠ÂãôÂèñÊâ±ÁÆ°ÁêÜËÄÖË©¶È®ìÈÅéÂéªÂïè„ÄÄÂπ≥Êàê30Âπ¥Â∫¶Áâà","Business","DAITO KENSETSU FUDOSAN Co.,Ltd.","https://play.google.com/store/apps/developer?id=DAITO+KENSETSU+FUDOSAN+Co.,Ltd.","0","0",0,0,0,0,0
"–ü–∞—Ä–∏–∂ - –ø—É—Ç–µ–≤–æ–¥–∏—Ç–µ–ª—å –∏ –æ—Ñ—Ñ–ª–∞–π–Ω –∫–∞—Ä—Ç–∞ –æ—Ç Paris10.ru","Travel & Local","Anton Eregin","https://play.google.com/store/apps/developer?id=Anton+Eregin","5.0","3","0","0","0","0","3"
"Intergalactic Zoo","Arcade","RTK3 Games","https://play.google.com/store/apps/developer?id=RTK3+Games","5.0","2","0","0","0","0","2"
"actividades para las emociones","Parenting","ivonne","https://play.google.com/store/apps/developer?id=ivonne","0","0",0,0,0,0,0
"T√©cnico Judici√°rio Auxiliar TJ-SC","Productivity","Concursos na M√£o","https://play.google.com/store/apps/developer?id=Concursos+na+M%C3%A3o","0","0",0,0,0,0,0
"Blure Music - theme for CarWebGuru Launcher","Auto & Vehicles","SoftArtStudio","https://play.google.com/store/apps/developer?id=SoftArtStudio","0","0",0,0,0,0,0
"Birds of Peru","Education","Birds in the Hand, LLC","https://play.google.com/store/apps/developer?id=Birds+in+the+Hand,+LLC","5.0","1","0","0","0","0","1"
"pastelitos vol 1","Food & Drink","Rupertips","https://play.google.com/store/apps/developer?id=Rupertips","3.0","1","0","0","1","0","0"
"ColRegs - 72","Books & Reference","FL‚Ñ¢","https://play.google.com/store/apps/developer?id=FL%E2%84%A2","0","0",0,0,0,0,0
"ProCam for Hero Session","Productivity","Cameralux Corporation","https://play.google.com/store/apps/developer?id=Cameralux+Corporation","0","0",0,0,0,0,0
"Gym Coach and Trainer Pro","Tools","Gideon Devs","https://play.google.com/store/apps/developer?id=Gideon+Devs","4.2","21","2","1","1","4","13"
"10 Second Run","Action","G-MODE Corporation","https://play.google.com/store/apps/developer?id=G-MODE+Corporation","0","0",0,0,0,0,0
"The Zones of Regulation","Education","Kuypers Consulting, Inc.","https://play.google.com/store/apps/developer?id=Kuypers+Consulting,+Inc.","0","0",0,0,0,0,0
"Sudoku Master - No Ads","Word","DotFinger Games","https://play.google.com/store/apps/developer?id=DotFinger+Games","0","0",0,0,0,0,0
"manualidad 7a9","Art & Design","eltocayo","https://play.google.com/store/apps/developer?id=eltocayo","3.0","1","0","0","1","0","0"
"NX SPORT Animated Watchface for WatchMaker","Communication","JMK32DIGITAL","https://play.google.com/store/apps/dev?id=7436880453809841634","0","0",0,0,0,0,0
"ProHome for Neato Botvac","Productivity","Cameralux Corporation","https://play.google.com/store/apps/developer?id=Cameralux+Corporation","0","0",0,0,0,0,0
"Booktime ‚Äî audiobook player","Books & Reference","Vosmann","https://play.google.com/store/apps/developer?id=Vosmann","4.4","23","1","1","1","4","16"
"ProCam Hero 5 Black","Productivity","Cameralux Corporation","https://play.google.com/store/apps/developer?id=Cameralux+Corporation","0","0",0,0,0,0,0
"Chinese Chess, Xiangqi (Professional Edition)","Board","FREEDOM RABBITS","https://play.google.com/store/apps/developer?id=FREEDOM+RABBITS","5.0","1","0","0","0","0","1"
"Le pappe di Greta","Food & Drink","Giuliana Scarpati","https://play.google.com/store/apps/developer?id=Giuliana+Scarpati","5.0","1","0","0","0","0","1"
"evita contagio tos-ferina","Health & Fitness","maryta","https://play.google.com/store/apps/developer?id=maryta","0","0",0,0,0,0,0
"ÿ®ÿ´ ŸÖÿ®ÿßÿ±Ÿäÿßÿ™ ÿ®ÿØŸàŸÜ ÿßÿπŸÑÿßŸÜÿßÿ™‚Äé","Sports","Koraexstra.com","https://play.google.com/store/apps/developer?id=Koraexstra.com","5.0","1","0","0","0","0","1"
"w21m_Test_DF_02","Business","GPDC UX Tester","https://play.google.com/store/apps/dev?id=8934817058095986995","0","0",0,0,0,0,0
"Star Vip Betting Tips","Sports","Limantech Mobile","https://play.google.com/store/apps/developer?id=Limantech+Mobile","5.0","4","0","0","0","0","4"
"QR Code Scanner Pro - Scan QR Code or Bar Code","Tools","OsmAndroid","https://play.google.com/store/apps/developer?id=OsmAndroid","5.0","1","0","0","0","0","1"
"–¢–í –ü—Ä–æ–≥—Ä–∞–º–∞—Ç–∞ –ü–ª—é—Å","Entertainment","min.solutions","https://play.google.com/store/apps/developer?id=min.solutions","5.0","1","0","0","0","0","1"
"Penetration Full Hacking Course [ENGLISH]","Education","APPS MAKERS","https://play.google.com/store/apps/developer?id=APPS+MAKERS","5.0","7","0","0","0","0","7"
"Atslan Pro","Sports","ShootersApps","https://play.google.com/store/apps/developer?id=ShootersApps","5.0","2","0","0","0","0","2"
"Book Reader","Books & Reference","Penza Software","https://play.google.com/store/apps/developer?id=Penza+Software","0","0",0,0,0,0,0
"Finnish Verbs - LearnBots Pro","Education","iEdutainments Limited","https://play.google.com/store/apps/developer?id=iEdutainments+Limited","0","0",0,0,0,0,0
"AudioBat","Casual","i am kool LLC","https://play.google.com/store/apps/developer?id=i+am+kool+LLC","5.0","2","0","0","0","0","2"
"Italian Verbs - LearnBots Pro","Education","iEdutainments Limited","https://play.google.com/store/apps/developer?id=iEdutainments+Limited","0","0",0,0,0,0,0
"Valencian Verbs - LearnBots Pro","Education","iEdutainments Limited","https://play.google.com/store/apps/developer?id=iEdutainments+Limited","0","0",0,0,0,0,0
"Dragon Fighter: Ball Z","Action","Lock Work Fun","https://play.google.com/store/apps/developer?id=Lock+Work+Fun","0","0",0,0,0,0,0
"Swedish Verbs - LearnBots Pro","Education","iEdutainments Limited","https://play.google.com/store/apps/developer?id=iEdutainments+Limited","0","0",0,0,0,0,0
"Portuguese Verbs - LearnBots Pro","Education","iEdutainments Limited","https://play.google.com/store/apps/developer?id=iEdutainments+Limited","0","0",0,0,0,0,0
"Norwegian Verbs - LearnBots Pro","Education","iEdutainments Limited","https://play.google.com/store/apps/developer?id=iEdutainments+Limited","0","0",0,0,0,0,0
"French Verbs - LearnBots pro","Education","iEdutainments Limited","https://play.google.com/store/apps/developer?id=iEdutainments+Limited","0","0",0,0,0,0,0
"Pro QR & Barcode Scanner PDF417 scanner, reader","Tools","Grato Apps lnc.","https://play.google.com/store/apps/developer?id=Grato+Apps+lnc.","0","0",0,0,0,0,0
"Danish Verbs - LearnBots Pro","Education","iEdutainments Limited","https://play.google.com/store/apps/developer?id=iEdutainments+Limited","0","0",0,0,0,0,0
"German Verbs - LearnBots Pro","Education","iEdutainments Limited","https://play.google.com/store/apps/developer?id=iEdutainments+Limited","0","0",0,0,0,0,0
"Wood for Xperia‚Ñ¢ Theme","Personalization","Myrima Apps","https://play.google.com/store/apps/dev?id=6538485007591421939","0","0",0,0,0,0,0
"Sou Rico","Communication","Alex Alan Nunes","https://play.google.com/store/apps/developer?id=Alex+Alan+Nunes","5.0","1","0","0","0","0","1"
"Growtopia Profits Pro","Tools","EvilDanger","https://play.google.com/store/apps/developer?id=EvilDanger","0","0",0,0,0,0,0
"Escape from the escape-game","Adventure","sweet ampoule","https://play.google.com/store/apps/dev?id=6532670736548376985","0","0",0,0,0,0,0
"s.mart Cigar Box Guitar","Books & Reference","s.mart Music Lab","https://play.google.com/store/apps/developer?id=s.mart+Music+Lab","0","0",0,0,0,0,0
"Android Ambilight Application","Lifestyle","Vsevolod Aleksandrov","https://play.google.com/store/apps/developer?id=Vsevolod+Aleksandrov","5.0","1","0","0","0","0","1"
"SelBet Sport Predictions Pro","Sports","Selbet Pronostics","https://play.google.com/store/apps/developer?id=Selbet+Pronostics","5.0","1","0","0","0","0","1"
"Carrollton/Douglasville Alumni","Productivity","ClubExpress - More Passion. Less Paperwork.","https://play.google.com/store/apps/developer?id=ClubExpress+-+More+Passion.+Less+Paperwork.","0","0",0,0,0,0,0
"Temlon XtraBass","Music & Audio","GS Singh","https://play.google.com/store/apps/developer?id=GS+Singh","0","0",0,0,0,0,0
"Batocha.matematika1h","Educational","chaxmatmark","https://play.google.com/store/apps/dev?id=5953543818213536813","5.0","2","0","0","0","0","2"
"100 Tour de France Climbs","Sports","Simon Warren","https://play.google.com/store/apps/developer?id=Simon+Warren","0","0",0,0,0,0,0
"Lake Geneva Offline GPS Nautical Chart","Maps & Navigation","MAPITECH LTD","https://play.google.com/store/apps/developer?id=MAPITECH+LTD","0","0",0,0,0,0,0
"3 Circles - theme for CarWebGuru Launcher","Auto & Vehicles","SoftArtStudio","https://play.google.com/store/apps/developer?id=SoftArtStudio","0","0",0,0,0,0,0
"Children Puzzle PRO","Puzzle","Game Brain","https://play.google.com/store/apps/developer?id=Game+Brain","0","0",0,0,0,0,0
"Starbear: Taxi","Arcade","Funktronic Labs","https://play.google.com/store/apps/dev?id=6147240206836031539","0","0",0,0,0,0,0
"Arbitrage Crypto - Arbitrage Bitcoin","Business","Bulan Madu","https://play.google.com/store/apps/developer?id=Bulan+Madu","4.2","5","1","0","0","0","4"
"Real Roulette Analyzer App","Casino","Pedro Padilha","https://play.google.com/store/apps/developer?id=Pedro+Padilha","5.0","1","0","0","0","0","1"
"–î–µ–ª—å—Ç–∞-—Ç–∞–Ω–∫–µ—Ä (–æ—Ç–≤–µ—Ç—ã)","Books & Reference","FL‚Ñ¢","https://play.google.com/store/apps/developer?id=FL%E2%84%A2","0","0",0,0,0,0,0
"Rounds - Icon Pack","Personalization","Francesco Pennella","https://play.google.com/store/apps/dev?id=8643974066478899518","0","0",0,0,0,0,0
"The Pitch Pipe","Music & Audio","Rhodes Davis","https://play.google.com/store/apps/developer?id=Rhodes+Davis","0","0",0,0,0,0,0
"Escriv√£o da Policia Civil SP","Productivity","Concursos na M√£o","https://play.google.com/store/apps/developer?id=Concursos+na+M%C3%A3o","0","0",0,0,0,0,0
"Deckboard PRO - Custom computer macros on device","Productivity","Riva Farabi","https://play.google.com/store/apps/developer?id=Riva+Farabi","5.0","2","0","0","0","0","2"
"HP67 Calculator 2.0","Productivity","Mike O'Shea","https://play.google.com/store/apps/dev?id=5624540227717249395","5.0","3","0","0","0","0","3"
"Waterfall LiveWallpaper","Personalization","variable","https://play.google.com/store/apps/dev?id=6091366078371980872","5.0","1","0","0","0","0","1"
"Zombie City Attack","Arcade","CODEJAX Studios","https://play.google.com/store/apps/developer?id=CODEJAX+Studios","5.0","4","0","0","0","0","4"
"Perceval Icon Pack","Personalization","Morrone Fabio","https://play.google.com/store/apps/developer?id=Morrone+Fabio","4.9","20","0","0","0","2","18"
"Agron VIP","Sports","K√∂ksal Yazƒ±lƒ±m","https://play.google.com/store/apps/developer?id=K%C3%B6ksal+Yaz%C4%B1l%C4%B1m","5.0","2","0","0","0","0","2"
"Foxit PDF Business - MobileIron","Productivity","Foxit Software Inc.","https://play.google.com/store/apps/developer?id=Foxit+Software+Inc.","0","0",0,0,0,0,0
"traba tu lengua","Libraries & Demo","ivonne","https://play.google.com/store/apps/developer?id=ivonne","3.0","1","0","0","1","0","0"
"Dream Night Special for LG V30 G6 Oreo","Personalization","WSTeams","https://play.google.com/store/apps/developer?id=WSTeams","3.0","1","0","0","1","0","0"
"Ïà®ÏùÄÍ∑∏Î¶ºÏ∞æÍ∏∞","Puzzle","SOFTCLASSY","https://play.google.com/store/apps/developer?id=SOFTCLASSY","0","0",0,0,0,0,0
"NX Lightning Animated Watchface for WatchMaker","Communication","JMK32DIGITAL","https://play.google.com/store/apps/dev?id=7436880453809841634","0","0",0,0,0,0,0
"Suoni estinti - Forgotten Extinct Sounds","Entertainment","NosenseDevelop","https://play.google.com/store/apps/developer?id=NosenseDevelop","0","0",0,0,0,0,0
"Material X Flower","Personalization","Shuvro","https://play.google.com/store/apps/dev?id=7000400013194198247","5.0","3","0","0","0","0","3"
"Rise Of The Fallen","Action","PIXELPIMPS CORP.","https://play.google.com/store/apps/developer?id=PIXELPIMPS+CORP.","4.9","7","0","0","0","1","6"
"MendruCalc","Tools","Guillermo Ferrand","https://play.google.com/store/apps/developer?id=Guillermo+Ferrand","5.0","3","0","0","0","0","3"
"KeyMission 170, 360 & 80 ProSetup","Productivity","Cameralux Corporation","https://play.google.com/store/apps/developer?id=Cameralux+Corporation","1.0","1","1","0","0","0","0"
"Amsterdam Audio Tours","Travel & Local","Toss it Online","https://play.google.com/store/apps/developer?id=Toss+it+Online","5.0","2","0","0","0","0","2"
"Underdeck Spanish","Card","UnderDeck","https://play.google.com/store/apps/developer?id=UnderDeck","5.0","3","0","0","0","0","3"
"MARPOL","Books & Reference","FL‚Ñ¢","https://play.google.com/store/apps/developer?id=FL%E2%84%A2","0","0",0,0,0,0,0
"Pianissimo","Music","Cleopatra Design","https://play.google.com/store/apps/developer?id=Cleopatra+Design","5.0","4","0","0","0","0","4"
"ShotSync for Olympus (Beta)","Photography","Short Step Labs","https://play.google.com/store/apps/developer?id=Short+Step+Labs","0","0",0,0,0,0,0
"AJ Gray Dark Icon Pack","Personalization","Coastal Images","https://play.google.com/store/apps/dev?id=5070356455691124088","5.0","2","0","0","0","0","2"
"Book Total launcher theme (pro version)","Personalization","crayon.dev","https://play.google.com/store/apps/dev?id=8807776165917405571","0","0",0,0,0,0,0
"Ïä¨Ìîà Í∞ÄÏ°±ÏÇ¨ - ÏÇ∞Ïû•ÏúºÎ°úÎ∂ÄÌÑ∞Ïùò ÌÉàÏ∂ú","Adventure","C's earth","https://play.google.com/store/apps/dev?id=7096891596808847496","5.0","4","0","0","0","0","4"
"Steel Pan Tutor","Music & Audio","sterling c sample","https://play.google.com/store/apps/developer?id=sterling+c+sample","0","0",0,0,0,0,0
"Greek Verbs - LearnBots Pro","Education","iEdutainments Limited","https://play.google.com/store/apps/developer?id=iEdutainments+Limited","0","0",0,0,0,0,0
"Spanish Verbs - LearnBots Pro","Education","iEdutainments Limited","https://play.google.com/store/apps/developer?id=iEdutainments+Limited","5.0","1","0","0","0","0","1"
"English Verbs - LearnBots Pro","Education","iEdutainments Limited","https://play.google.com/store/apps/developer?id=iEdutainments+Limited","0","0",0,0,0,0,0
"Futunic Series v35","Art & Design","Dessy Dwi Diyanto","https://play.google.com/store/apps/developer?id=Dessy+Dwi+Diyanto","0","0",0,0,0,0,0
"Pocket Advanced Para Meds","Medical","Aln","https://play.google.com/store/apps/developer?id=Aln","0","0",0,0,0,0,0
"Funny-Heroes","Arcade","Planlos Studios","https://play.google.com/store/apps/developer?id=Planlos+Studios","5.0","1","0","0","0","0","1"
"British National Formulary 75","Medical","Indextra AB","https://play.google.com/store/apps/developer?id=Indextra+AB","0","0",0,0,0,0,0
"s.mart Guitar","Books & Reference","s.mart Music Lab","https://play.google.com/store/apps/developer?id=s.mart+Music+Lab","0","0",0,0,0,0,0
"Klwp Voice","Personalization","Design Ironic","https://play.google.com/store/apps/dev?id=7551330941579736810","0","0",0,0,0,0,0
"NEON - Z Digital Clock Widget","Personalization","scapechild","https://play.google.com/store/apps/developer?id=scapechild","0","0",0,0,0,0,0
"NEON - Z Icon Pack","Personalization","scapechild","https://play.google.com/store/apps/developer?id=scapechild","0","0",0,0,0,0,0
"Lookup Dictionary PRO - with Emoji Dictionary","Education","Kuoy Huot","https://play.google.com/store/apps/developer?id=Kuoy+Huot","5.0","1","0","0","0","0","1"
"Mi Mascota Accesible Full","Simulation","Fabi√°n Arias","https://play.google.com/store/apps/developer?id=Fabi%C3%A1n+Arias","5.0","2","0","0","0","0","2"
"SetupPro for Bose Speakers","Productivity","Cameralux Corporation","https://play.google.com/store/apps/developer?id=Cameralux+Corporation","0","0",0,0,0,0,0
"Eagle IPTV Player Pro","Video Players & Editors","Yazan Diab","https://play.google.com/store/apps/developer?id=Yazan+Diab","0","0",0,0,0,0,0
"papas","Food & Drink","chestina","https://play.google.com/store/apps/developer?id=chestina","0","0",0,0,0,0,0
"guarniciones","Food & Drink","chestina","https://play.google.com/store/apps/developer?id=chestina","0","0",0,0,0,0,0
"RTLScanner","Tools","hOne","https://play.google.com/store/apps/developer?id=hOne","3.0","1","0","0","1","0","0"
"Alpine Passes (Alpenp√§sse)","Travel & Local","Miroslav Hes","https://play.google.com/store/apps/developer?id=Miroslav+Hes","0","0",0,0,0,0,0
"Syllabus Manager For Neet : Pro edition","Education","k7 team","https://play.google.com/store/apps/dev?id=8100791461219352100","5.0","3","0","0","0","0","3"
"Legal calculator (Ukraine)","Finance","SITEbuy.pro","https://play.google.com/store/apps/dev?id=6380913840566659051","5.0","3","0","0","0","0","3"
"Smalltalk Portugal","Trivia","SmalltalkPortugal","https://play.google.com/store/apps/developer?id=SmalltalkPortugal","5.0","5","0","0","0","0","5"
"ProSetup for Ring","Productivity","Cameralux Corporation","https://play.google.com/store/apps/developer?id=Cameralux+Corporation","0","0",0,0,0,0,0
"App for richest: Most Expensive Donuts","Finance","Cartenz Studio","https://play.google.com/store/apps/developer?id=Cartenz+Studio","5.0","1","0","0","0","0","1"
"#1 Therapy Rehab Productivity Calculator","Medical","Anthony May","https://play.google.com/store/apps/developer?id=Anthony+May","5.0","2","0","0","0","0","2"
"MATERIAL MOTION II for KLWP","Personalization","MARTIN DSOUZA","https://play.google.com/store/apps/dev?id=4823526762797878411","0","0",0,0,0,0,0
"Cirgus - Icon Pack","Personalization","Olivera Onias","https://play.google.com/store/apps/dev?id=8582752175205301328","4.6","16","1","0","0","2","13"
"esparragos","Food & Drink","chestina","https://play.google.com/store/apps/developer?id=chestina","0","0",0,0,0,0,0
"arroces","Food & Drink","chestina","https://play.google.com/store/apps/developer?id=chestina","0","0",0,0,0,0,0
"GoBotix","Puzzle","SZ Interactive","https://play.google.com/store/apps/dev?id=8176618143157769635","5.0","6","0","0","0","0","6"
"Dr. Reggie Melrose","Health & Fitness","Regalena Melrose","https://play.google.com/store/apps/developer?id=Regalena+Melrose","0","0",0,0,0,0,0
"BioLiquid: Water Management and Traceability","Food & Drink","bionaturalapps","https://play.google.com/store/apps/dev?id=7642273396185255038","5.0","7","0","0","0","0","7"
"OS 11 Concept  - iPhone X icon pack","Personalization","Theme4droids","https://play.google.com/store/apps/dev?id=5978196121139295130","1.0","1","1","0","0","0","0"
"Samstyle 300+ Wallpapers - 320x480","Personalization","Woodfield","https://play.google.com/store/apps/developer?id=Woodfield","0","0",0,0,0,0,0
"Conoflex Bank Angling Premium app","Sports","ToepWinkel","https://play.google.com/store/apps/developer?id=ToepWinkel","3.0","1","0","0","1","0","0"
"Art Heist, White Hat","Puzzle","Critical Gameplay","https://play.google.com/store/apps/developer?id=Critical+Gameplay","0","0",0,0,0,0,0
"Thema-Bright Xperia","Personalization"," ç»ù‘≥‘π ‘µ»ù ç‘π’è ’ê‘∫","https://play.google.com/store/apps/dev?id=5305782302339588477","0","0",0,0,0,0,0
"LUK(look) Camera - Yeouido","Photography","LUK Camera","https://play.google.com/store/apps/dev?id=7216530648767703283","4.5","8","1","0","0","0","7"
"Sea of memories","Puzzle","Ivanovich Games","https://play.google.com/store/apps/dev?id=8214387226544464743","0","0",0,0,0,0,0
"Cyndarian Fantasy Generator","Books & Reference","Cyndarian Fantasy","https://play.google.com/store/apps/developer?id=Cyndarian+Fantasy","0","0",0,0,0,0,0
"Tunnel Run","Arcade","Happy Taro Games","https://play.google.com/store/apps/developer?id=Happy+Taro+Games","0","0",0,0,0,0,0
"XPERIA‚Ñ¢ Outside the Box Theme","Personalization","Sony Mobile Communications","https://play.google.com/store/apps/dev?id=4851747018805076305","0","0",0,0,0,0,0
"Powder & Iron: Napoleonic Wars FULL","Strategy","John Amarante","https://play.google.com/store/apps/developer?id=John+Amarante","0","0",0,0,0,0,0
"Carbon Glass Icon Pack","Personalization","BitBleed","https://play.google.com/store/apps/developer?id=BitBleed","5.0","1","0","0","0","0","1"
"Be Zero","Puzzle","Xi You Di Wang","https://play.google.com/store/apps/developer?id=Xi+You+Di+Wang","0","0",0,0,0,0,0
"[Substratum]Custom Navbar Overlays [Paid]","Beauty","W(e) A(ll) S(ee) D(reams)!","https://play.google.com/store/apps/developer?id=W%28e%29+A%28ll%29+S%28ee%29+D%28reams%29!","5.0","1","0","0","0","0","1"
"Law of Attraction (PRO)","Lifestyle","InnovativeLabs","https://play.google.com/store/apps/developer?id=InnovativeLabs","0","0",0,0,0,0,0
"12 meses 12 valores para padres e hijos","Parenting","ivonne","https://play.google.com/store/apps/developer?id=ivonne","0","0",0,0,0,0,0
"Balthazar and The Mad King","Adventure","Cochlea Team","https://play.google.com/store/apps/developer?id=Cochlea+Team","3.7","3","1","0","0","0","2"
"Cossack Dictionary (DN)","Books & Reference","AngerPike","https://play.google.com/store/apps/developer?id=AngerPike","5.0","5","0","0","0","0","5"
"–°—É–¥–æ–≤–æ–π –º–æ—Ç–æ—Ä–∏—Å—Ç","Books & Reference","Progressiv Digital Inc.","https://play.google.com/store/apps/dev?id=5932616138091952058","4.0","1","0","0","0","1","0"
"90dk. Tahmin PRO","Sports","Mehmet Ali √ñzer","https://play.google.com/store/apps/developer?id=Mehmet+Ali+%C3%96zer","5.0","2","0","0","0","0","2"
"RallyT - ADVANCED REGULARITY TRIPMETER","Sports","Mews Entertainment","https://play.google.com/store/apps/developer?id=Mews+Entertainment","5.0","8","0","0","0","0","8"
"normas y limites a ni√±os de 2 a√±os","Parenting","Rupertips","https://play.google.com/store/apps/developer?id=Rupertips","3.0","1","0","0","1","0","0"
"Into the Realm: Turn based RPG","Role Playing","Flying Banana Productions","https://play.google.com/store/apps/developer?id=Flying+Banana+Productions","5.0","7","0","0","0","0","7"
"ProCam Hero 6 Black","Productivity","Cameralux Corporation","https://play.google.com/store/apps/developer?id=Cameralux+Corporation","0","0",0,0,0,0,0
"Wamo - Icon Pack","Personalization","A1 Design","https://play.google.com/store/apps/dev?id=8878636829882194092","5.0","5","0","0","0","0","5"
"MyPastryTools","Productivity","Andrea Bandiera","https://play.google.com/store/apps/dev?id=8409038205423603653","0","0",0,0,0,0,0
"Biscuit Tapper","Arcade","Humayun GameCons","https://play.google.com/store/apps/developer?id=Humayun+GameCons","0","0",0,0,0,0,0
"Basic Electronics Engineering Pro","Education","Engineering Apps","https://play.google.com/store/apps/dev?id=7436689054200949090","0","0",0,0,0,0,0
"Aidas TV","Lifestyle","Emigrantas, LLC","https://play.google.com/store/apps/developer?id=Emigrantas,+LLC","0","0",0,0,0,0,0
"German Radio Online Pro","Music & Audio","GK Apps","https://play.google.com/store/apps/developer?id=GK+Apps","0","0",0,0,0,0,0
"Die Entspannungsapp","Health & Fitness","Harald Federer","https://play.google.com/store/apps/developer?id=Harald+Federer","5.0","3","0","0","0","0","3"
"Pro Pruners Kiwifruit Trainer","Education","Pro Pruners","https://play.google.com/store/apps/developer?id=Pro+Pruners","0","0",0,0,0,0,0
"Fastener","Tools","Technocom50","https://play.google.com/store/apps/developer?id=Technocom50","0","0",0,0,0,0,0
"Futunic Series v37","Art & Design","Dessy Dwi Diyanto","https://play.google.com/store/apps/developer?id=Dessy+Dwi+Diyanto","0","0",0,0,0,0,0
"Sunset Colors : Xperia Theme","Personalization","Themes MorS√°n","https://play.google.com/store/apps/dev?id=6069221541377551049","5.0","21","0","0","0","0","21"
"Asteroid Quest!","Adventure","Declan Hopkins","https://play.google.com/store/apps/developer?id=Declan+Hopkins","5.0","6","0","0","0","0","6"
"Handball Exercises 1","Sports","TACTIC3D","https://play.google.com/store/apps/developer?id=TACTIC3D","0","0",0,0,0,0,0
"–î–µ–ª—å—Ç–∞-–ò–Ω–∂–µ–Ω–µ—Ä (–æ—Ç–≤–µ—Ç—ã)","Books & Reference","FL‚Ñ¢","https://play.google.com/store/apps/developer?id=FL%E2%84%A2","4.0","1","0","0","0","1","0"
"FM Transmitter Music Pro","Entertainment","zurdoApps","https://play.google.com/store/apps/dev?id=5447502330536072683","0","0",0,0,0,0,0
"Meet the Numbers","Educational","Preschool Prep Company","https://play.google.com/store/apps/dev?id=4963477729692381907","0","0",0,0,0,0,0
"FUNDAmentals Biyoloji -Tabu -Reklamsƒ±z-ƒ∞nternetsiz","Education","Fundamentals Biyoloji","https://play.google.com/store/apps/developer?id=Fundamentals+Biyoloji","0","0",0,0,0,0,0
"Snake Balls GO","Arcade","Nezeb Inc.","https://play.google.com/store/apps/developer?id=Nezeb+Inc.","5.0","5","0","0","0","0","5"
"KIM BLACK Amoled Wallpapers PRO (2960x1440)üì±üëåüëå","Personalization","Motion Wallpapers","https://play.google.com/store/apps/dev?id=5005220843709800158","0","0",0,0,0,0,0
"Pacify Exceed (Android P) - Theme for Xperia‚Ñ¢","Personalization","X-Variant Development","https://play.google.com/store/apps/dev?id=7140178455947370140","0","0",0,0,0,0,0
"Ïπ¥Ïπ¥Ïò§ÌÜ°ÌÖåÎßà - Gradation","Entertainment","ÏïÑÏø† Arius","https://play.google.com/store/apps/developer?id=%EC%95%84%EC%BF%A0+Arius","0","0",0,0,0,0,0
"Meet the Shapes Game","Educational","Preschool Prep Company","https://play.google.com/store/apps/dev?id=4963477729692381907","0","0",0,0,0,0,0
"Meet the Sight Words1 Flashcards","Educational","Preschool Prep Company","https://play.google.com/store/apps/dev?id=4963477729692381907","0","0",0,0,0,0,0
"Fragment of Marine","Action","Shiosai Sirens","https://play.google.com/store/apps/developer?id=Shiosai+Sirens","5.0","2","0","0","0","0","2"
