Name,Genre,Developer,dev_link,rating,total,five,four,three,two,one
Chennai Super Kings Battle Of Chepauk 2,Sports,Nextwave Multimedia,https://play.google.com/store/apps/dev?id=9127085344518131769,4.6,33992,1494,374,1370,3013,27741
3D Koi Fish Theme & Lively 3D Ripple Effect,Personalization,3D Theme & HD Live Wallpaper,https://play.google.com/store/apps/dev?id=7060549902030937081,4.6,3100,82,30,167,355,2466
Iron Throne,Strategy,Netmarble,https://play.google.com/store/apps/dev?id=5258410538530331508,4.5,16461,896,265,848,2286,12166
Vice Auto Theft City,Action,Tap - Free Games,https://play.google.com/store/apps/developer?id=Tap+-+Free+Games,4.1,1474,242,41,75,85,1031
US Police limousine Car Quad Bike Transporter Game,Simulation,Great Games Studio,https://play.google.com/store/apps/developer?id=Great+Games+Studio,4.3,1366,164,35,75,75,1017
Remote Control for All TV,Tools,"Background Changer, Eraser & Booth Photo Editor","https://play.google.com/store/apps/developer?id=Background+Changer,+Eraser+%26+Booth+Photo+Editor",3.8,1531,355,33,119,134,890
Real Car Parking 2 : Driving School 2018,Simulation,Genetic Studios ‚Ñ¢,https://play.google.com/store/apps/dev?id=8550478867825785622,4.5,37766,2781,712,1745,3365,29163
Max Clean - Phone Booster,Tools,LISHIHAO,https://play.google.com/store/apps/developer?id=LISHIHAO,4,3915,572,130,349,431,2433
High School Gang,Action,Italy Games,https://play.google.com/store/apps/developer?id=Italy+Games,4.5,3318,152,57,289,403,2417
RC Spy Drone 2018,Simulation,Coding Squares,https://play.google.com/store/apps/dev?id=6609243090034600037,4.2,879,118,18,60,54,629
Will it Crush?,Simulation,VOODOO,https://play.google.com/store/apps/developer?id=VOODOO,3,6144,2583,218,355,308,2680
Number Finder,Communication,POZTechnology,https://play.google.com/store/apps/developer?id=POZTechnology,3.9,3752,843,64,205,216,2424
How to Forward Someone Call to Our Phone?,Tools,Creative Tech Team,https://play.google.com/store/apps/developer?id=Creative+Tech+Team,4.5,231,14,5,18,17,177
Disney Heroes: Battle Mode,Strategy,PerBlue Entertainment,https://play.google.com/store/apps/developer?id=PerBlue+Entertainment,4.6,16598,798,198,686,2175,12741
Solitaire,Card,Toolit Media,https://play.google.com/store/apps/developer?id=Toolit+Media,4.3,769,74,16,54,82,543
Truck Driver Simulator,Simulation,tasoandorra,https://play.google.com/store/apps/developer?id=tasoandorra,4.3,257,25,5,18,24,185
Flying Arrow,Arcade,VOODOO,https://play.google.com/store/apps/developer?id=VOODOO,3.7,12738,3193,463,822,1052,7208
Idea Smart - Retailer,Business,Idea Cellular Ltd.,https://play.google.com/store/apps/developer?id=Idea+Cellular+Ltd.,4.3,2985,250,93,280,334,2028
Euro Train Simulator 2018,Simulation,Tap - Free Games,https://play.google.com/store/apps/developer?id=Tap+-+Free+Games,4,548,89,14,48,52,345
Navigation Gestures,Personalization,XDA,https://play.google.com/store/apps/developer?id=XDA,4.1,1654,131,65,194,461,803
San Andreas Auto Theft : City Of Crime,Action,GAME TSUNAMI,https://play.google.com/store/apps/developer?id=GAME+TSUNAMI,4.3,1128,124,27,59,82,836
English to Hindi Translator,Tools,Toolskit Zone,https://play.google.com/store/apps/developer?id=Toolskit+Zone,4.1,201,26,8,19,22,126
Russian Car Driver  ZIL 130,Simulation,ABGames89,https://play.google.com/store/apps/dev?id=5952057666589164114,4.5,15808,885,226,852,2142,11703
Car Simulator Veneno,Simulation,Oppana Games,https://play.google.com/store/apps/developer?id=Oppana+Games,4.3,4854,549,99,258,358,3590
Flame Hero,Simulation,Naxeex Publishing,https://play.google.com/store/apps/dev?id=5720237448240252822,4.4,1041,99,18,51,76,797
GiftMoney - Earn money online,Entertainment,Silver Apps development,https://play.google.com/store/apps/developer?id=Silver+Apps+development,3.8,165,40,7,7,11,100
Train Vs Car Racing 2 Player,Racing,MTS Free Games,https://play.google.com/store/apps/developer?id=MTS+Free+Games,4.3,602,67,11,43,57,424
Incredible Monster VS US Army Prison Survival Game,Action,Great Games Studio,https://play.google.com/store/apps/developer?id=Great+Games+Studio,4.4,311,32,3,18,23,235
Music player,Music & Audio,"Tool Apps (music, video, recorder)","https://play.google.com/store/apps/developer?id=Tool+Apps+%28music,+video,+recorder%29",4.3,2989,166,71,335,476,1941
"Meitu Me - Beautify, Selfie, Photo Editor",Photography,"Meitu, Inc.","https://play.google.com/store/apps/developer?id=Meitu,+Inc.",4.2,284,26,10,39,28,181
Coach Bus Tourist Transport Simulator,Simulation,AbsoMech,https://play.google.com/store/apps/developer?id=AbsoMech,4.2,313,43,8,22,23,217
Stunt Bicycle Impossible Tracks Bike Games 2,Simulation,Mekaal Studios,https://play.google.com/store/apps/developer?id=Mekaal+Studios,4.3,353,37,7,16,29,264
True Call Mobile Locator & Caller ID Blocker,Communication,Raising Apps,https://play.google.com/store/apps/developer?id=Raising+Apps,4.2,443,56,9,34,38,306
super flashlight - caller screen,Tools,Excellent Mobile LAB,https://play.google.com/store/apps/developer?id=Excellent+Mobile+LAB,4.6,174,7,4,7,10,146
GiftMoneyPaisa,Entertainment,RRK LOGICS,https://play.google.com/store/apps/developer?id=RRK+LOGICS,3.6,96,29,1,4,6,56
Star sports Live IPL,Sports,UKROOS Media Incl,https://play.google.com/store/apps/developer?id=UKROOS+Media+Incl,4.5,735,46,17,35,65,572
Bubble Shooter Mission,Puzzle,mobirix,https://play.google.com/store/apps/dev?id=4864673505117639552,4.4,780,26,13,109,137,495
"Ludo Game : 2018 Ludo Star, Ludo New",Board,Cookie Crush Match 3 Blast,https://play.google.com/store/apps/developer?id=Cookie+Crush+Match+3+Blast,4.4,143,8,3,11,16,105
Keyboard Theme for Chat,Personalization,Pretty Cool Keyboard Theme,https://play.google.com/store/apps/developer?id=Pretty+Cool+Keyboard+Theme,4.7,5865,48,57,400,872,4488
English Hindi Dictionary Offline - Learn English,Education,Most Useful Apps For Android,https://play.google.com/store/apps/developer?id=Most+Useful+Apps+For+Android,4.3,193,13,7,12,36,125
Watermark Camera: Add Time & Location Watermark,Photography,O98K,https://play.google.com/store/apps/developer?id=O98K,4.3,313,33,10,15,21,234
Harry Potter: Hogwarts Mystery,Adventure,"Jam City, Inc.",https://play.google.com/store/apps/dev?id=5509190841173705883,4.4,809307,46878,24928,49254,126968,561279
CashAtm - Earn With CashATM,Entertainment,RRK LOGICS,https://play.google.com/store/apps/developer?id=RRK+LOGICS,3.5,192,62,4,9,10,107
Speed Car Race 3D,Racing,Zee Vision Games,https://play.google.com/store/apps/developer?id=Zee+Vision+Games,4.4,169,13,5,11,16,124
"Apental Calc - Reaction, Comment and Follower free",Tools,theRiyazSaifi,https://play.google.com/store/apps/developer?id=theRiyazSaifi,4.2,506,69,7,28,43,359
Missile War Launcher Mission - Rivals Drone Attack,Adventure,woodoo play games,https://play.google.com/store/apps/developer?id=woodoo+play+games,4.1,552,76,14,41,43,378
Spintoearn - Make Full Spin GiftMoney,Entertainment,RRK LOGICS,https://play.google.com/store/apps/developer?id=RRK+LOGICS,3.7,521,142,13,35,21,310
Capital City Building: Mega Construction Games,Simulation,Sablo Games,https://play.google.com/store/apps/developer?id=Sablo+Games,4.3,244,32,3,6,19,184
Bingo Bubbles,Casual,Cookie Crush Games,https://play.google.com/store/apps/dev?id=7236897623184980796,4.6,455,9,6,41,57,342
3D Hologram Keyboard Theme,Personalization,Fashion Cute Emoji,https://play.google.com/store/apps/dev?id=8196694943184486157,4.2,728,97,12,42,62,515
Wild Animals Kingdom Battle Simulator 2018,Simulation,Gamtertainment,https://play.google.com/store/apps/developer?id=Gamtertainment,4.3,317,40,4,18,24,231
Space Cone,Casual,CloudMacaca Inc.,https://play.google.com/store/apps/developer?id=CloudMacaca+Inc.,4.3,86,7,3,4,11,61
Selfie Artifact Camera,Photography,Tailand,https://play.google.com/store/apps/developer?id=Tailand,3.8,60,10,3,7,8,32
Virtual Mother New Baby Twins Family Simulator,Adventure,New Age Gamers,https://play.google.com/store/apps/developer?id=New+Age+Gamers,3.7,702,132,41,84,66,379
LIC Agent App,Finance,LIFE INSURANCE CORPORATION OF INDIA,https://play.google.com/store/apps/developer?id=LIFE+INSURANCE+CORPORATION+OF+INDIA,3.8,366,71,20,22,36,217
Caller Id Number Tracker,Tools,Gallery Connect Zone,https://play.google.com/store/apps/developer?id=Gallery+Connect+Zone,4.4,548,41,15,31,65,396
Drift Car Real Driving Simulator - Extreme Racing,Simulation,Movers Games,https://play.google.com/store/apps/developer?id=Movers+Games,4.3,250,28,8,18,10,186
Millionaire Wedding - Lucky Bride Dress Up,Casual,Games For Girls,https://play.google.com/store/apps/developer?id=Games+For+Girls,4.3,904,76,20,62,111,635
"Google Tasks: Any Task, Any Goal. Get Things Done",Productivity,Google LLC,https://play.google.com/store/apps/dev?id=5700313618786177705,3.4,5708,751,824,1313,841,1979
3D Neon Hologram Keyboard,Personalization,Real 3D Keyboard Theme,https://play.google.com/store/apps/developer?id=Real+3D+Keyboard+Theme,4.7,7896,83,43,382,1040,6348
US Prison Transport: Police Bus Driving,Simulation,Tap - Free Games,https://play.google.com/store/apps/developer?id=Tap+-+Free+Games,3.8,207,45,7,21,14,120
Firefighter Rescue Simulator 3D,Simulation,spiritapps,https://play.google.com/store/apps/developer?id=spiritapps,4.3,204,27,6,3,14,154
Ramadan Timetable,Lifestyle,Juned Khatri,https://play.google.com/store/apps/developer?id=Juned+Khatri,4.9,766,4,6,14,39,703
Makeup Game: Sery Bride,Casual,Dolly Dress up,https://play.google.com/store/apps/developer?id=Dolly+Dress+up,4.3,378,40,8,25,34,271
Fancy Text Keyboard,Personalization,DoMobile Lab,https://play.google.com/store/apps/dev?id=8013309201265156122,4.5,201,12,2,14,14,159
Monster Superhero Sea Survival: Prison Escape Game,Action,Tekbash,https://play.google.com/store/apps/dev?id=6680115612213221010,4.7,55,3,0,1,2,49
Taptap Heroes,Role Playing,Ajoy Lab Games,https://play.google.com/store/apps/dev?id=8856613848700732378,4.3,610,75,2,24,62,447
Solo Superhero in Night City Battleground,Simulation,Pocket King Games,https://play.google.com/store/apps/developer?id=Pocket+King+Games,4.1,95,12,5,7,5,66
Wedding Fiasco - The Race for the Perfect Dress,Role Playing,TabTale,https://play.google.com/store/apps/dev?id=5735447750101420287,4.5,958,54,16,58,94,736
Super Hero Bike Mega Ramp,Racing,MTS Free Games,https://play.google.com/store/apps/developer?id=MTS+Free+Games,4.5,83,6,1,6,4,66
Wicked Jewels Crush 2018,Casual,Global Interactive,https://play.google.com/store/apps/developer?id=Global+Interactive,4.4,245,16,2,20,35,172
Scanner for Me: Convert Image to PDF,Business,Apalon Apps,https://play.google.com/store/apps/dev?id=7148047194848561719,4.6,599,13,3,35,116,432
Car Stunt Challenge 2018,Simulation,Versatile Games Studio,https://play.google.com/store/apps/developer?id=Versatile+Games+Studio,4.5,153,10,2,8,12,121
The Cube,Arcade,VOODOO,https://play.google.com/store/apps/developer?id=VOODOO,4,7444,1347,243,422,717,4715
Real Swimming Pool Game 2018,Simulation,The Knights Inc.,https://play.google.com/store/apps/developer?id=The+Knights+Inc.,4.3,449,47,8,31,42,321
Funcalls - Best Voice Changer & Call Recording,Entertainment,Funcalls,https://play.google.com/store/apps/developer?id=Funcalls,4.3,413,38,9,26,42,298
Miraculous Ladybug & Cat Noir - The Official Game,Action,Crazy Labs by TabTale,https://play.google.com/store/apps/developer?id=Crazy+Labs+by+TabTale,4.6,90533,4616,1316,3700,7512,73389
Photo to Video Maker with Music : Slideshow Maker,Video Players & Editors,DSLR Camera,https://play.google.com/store/apps/developer?id=DSLR+Camera,4.2,213,17,8,17,43,128
Modern Bus Coach Driving Simulator 2k18,Simulation,Soft_Tech Gaming Studio,https://play.google.com/store/apps/developer?id=Soft_Tech+Gaming+Studio,3.4,158,47,10,17,8,76
Extreme Car Stunts Game 3D 2,Racing,Larrea Apps,https://play.google.com/store/apps/developer?id=Larrea+Apps,4.2,90,11,3,8,7,61
Panda Lu Baby Bear World - New Pet Care Adventure,Educational,TutoTOONS,https://play.google.com/store/apps/dev?id=6493980387780624296,4.5,298,22,6,17,16,237
3D Train Racing Driver,Simulation,Train Games,https://play.google.com/store/apps/developer?id=Train+Games,4.2,95,12,3,4,7,69
Tricky Stunt Bike Extreme Racer: Superhero,Simulation,Professor Games,https://play.google.com/store/apps/developer?id=Professor+Games,4.4,93,8,1,6,6,72
Couple Photo Suit : Love Couple Photo Suit,Photography,Manya App Studio,https://play.google.com/store/apps/developer?id=Manya+App+Studio,4.8,28,0,1,1,2,24
Easy Bubble Shooter,Casual,Match 3 Bubble Games,https://play.google.com/store/apps/developer?id=Match+3+Bubble+Games,4.5,116,7,2,4,21,82
Superstar Makeup Prom,Role Playing,lemonbab,https://play.google.com/store/apps/developer?id=lemonbab,4.3,237,17,5,22,32,161
Stickman WW2 Battle Simulator,Action,Stickman 3D Fighting Games,https://play.google.com/store/apps/developer?id=Stickman+3D+Fighting+Games,4.4,1169,75,22,81,117,874
How to Listen Someones Call In Our Phone,Tools,Manya App Studio,https://play.google.com/store/apps/developer?id=Manya+App+Studio,4.7,39,2,0,1,0,36
Truck Simulator,Simulation,gamestarstudio,https://play.google.com/store/apps/developer?id=gamestarstudio,4.4,168,11,7,11,12,127
Stellar Age: MMO Strategy,Strategy,Crazy Panda Apps,https://play.google.com/store/apps/developer?id=Crazy+Panda+Apps,4.4,10407,523,178,326,3007,6373
Target Bottle Shoot 3D,Simulation,Gaming Genesis,https://play.google.com/store/apps/developer?id=Gaming+Genesis,4.6,69,6,0,1,4,58
Birthday Video Maker,Photography,Tri Core,https://play.google.com/store/apps/developer?id=Tri+Core,4.1,82,11,0,12,6,53
US Survival Death Mission: FPS War 2018,Action,PJ Solutions,https://play.google.com/store/apps/developer?id=PJ+Solutions,4.2,138,14,5,12,14,93
Fortress Bubbles,Adventure,Fun Match 3 Games,https://play.google.com/store/apps/dev?id=7101346334273770676,4.4,89,1,0,11,26,51
Full HD Video Player,Video Players & Editors,savanappstudio,https://play.google.com/store/apps/developer?id=savanappstudio,4.5,106,6,1,9,10,80
All Bank Balance Enquiry,Books & Reference,Prank App Corner,https://play.google.com/store/apps/developer?id=Prank+App+Corner,4.2,77,8,1,8,10,50
gDMSS Plus,Tools,"Zhejiang DAHUA Technology Co., Ltd","https://play.google.com/store/apps/developer?id=Zhejiang+DAHUA+Technology+Co.,+Ltd",3.7,941,164,82,101,161,433
Mega Shooter: Infinity Space War (Galaxy Heroes),Arcade,iKameStudio,https://play.google.com/store/apps/developer?id=iKameStudio,4.4,3928,258,75,225,454,2916
Bubble Shooter 3,Puzzle,Bubble Shooter Artworks,https://play.google.com/store/apps/developer?id=Bubble+Shooter+Artworks,4.4,83,5,2,7,13,56
The Gang City,Action,Grand Gangster Games,https://play.google.com/store/apps/developer?id=Grand+Gangster+Games,4.1,865,124,27,74,65,575
DP and Status,Photography,secure devloper,https://play.google.com/store/apps/developer?id=secure+devloper,4.2,28,2,1,2,7,16
Castle Kingdom: Crush in Free,Strategy,OneSoft Studio,https://play.google.com/store/apps/dev?id=5015266578532322195,4.5,91,7,0,5,8,71
KreditBee Instant Personal Loan Salary Advance,Finance,KrazyBee,https://play.google.com/store/apps/developer?id=KrazyBee,4.3,452,57,11,12,22,350
Music Player - Audio Player with Sound Changer,Music & Audio,KUCAPP - Free Music & Video Apps,https://play.google.com/store/apps/developer?id=KUCAPP+-+Free+Music+%26+Video+Apps,4.7,1142,19,2,65,178,878
"Cric Pro Tips - Dream11 Tips , Live Score, News",Sports,Crazy indian,https://play.google.com/store/apps/developer?id=Crazy+indian,4.4,86,8,1,4,5,68
Slayer Bubbles,Adventure,Cookie Crush Games,https://play.google.com/store/apps/dev?id=7236897623184980796,4.4,107,6,0,11,20,70
10th class maths solution,Education,pawan panwar,https://play.google.com/store/apps/developer?id=pawan+panwar,4.3,132,10,2,12,18,90
Flip the Gun - Simulator Game,Arcade,Playgendary,https://play.google.com/store/apps/dev?id=7486814720100409246,4.3,152409,14693,2830,9513,17906,107467
Train Tracks Construction 2018,Simulation,Coding Squares,https://play.google.com/store/apps/dev?id=6609243090034600037,4.4,82,9,2,1,6,64
Full HD Video Player,Video Players & Editors,Video Player & Music Player,https://play.google.com/store/apps/developer?id=Video+Player+%26+Music+Player,4.7,66,2,0,3,7,54
Mobile Number Location Tracker,Tools,Andro App Zone,https://play.google.com/store/apps/developer?id=Andro+App+Zone,4.2,24,3,0,4,0,17
"MMX Hill Dash 2 ‚Äì Offroad Truck, Car & Bike Racing",Racing,Hutch Games,https://play.google.com/store/apps/dev?id=8812293306013257434,4.4,24240,1799,520,1386,3751,16784
Wood Block Puzzle 3D,Puzzle,TAP GAMES,https://play.google.com/store/apps/developer?id=TAP+GAMES,4.6,353,5,4,22,61,261
FPS Shooting Master,Action,Infinity Gunfighter,https://play.google.com/store/apps/developer?id=Infinity+Gunfighter,4.6,297,15,0,21,18,243
Solitaire - Klondike Solitaire,Card,UK Solitaire Card Games,https://play.google.com/store/apps/developer?id=UK+Solitaire+Card+Games,4.7,239,6,4,12,20,197
Nomao Camera Xray App,Entertainment,Xray App Studio,https://play.google.com/store/apps/developer?id=Xray+App+Studio,4.1,51,10,1,1,2,37
Multiple Accounts - 64Bit Plugin,Tools,Excelliance Tech,https://play.google.com/store/apps/developer?id=Excelliance+Tech,4.4,129,13,2,6,11,97
Hitman Shooter,Arcade,Cookie Crush Games,https://play.google.com/store/apps/dev?id=7236897623184980796,4.6,94,1,1,7,17,68
House Construction Simulator 3D,Simulation,BAYONET (Pvt) Ltd,https://play.google.com/store/apps/developer?id=BAYONET+%28Pvt%29+Ltd,4.4,120,7,1,13,12,87
Brain Physics Truck,Casual,ScorpionStudio,https://play.google.com/store/apps/developer?id=ScorpionStudio,3.5,595,171,16,59,36,313
Offroad Moto Bike Racing Games,Simulation,UniBit,https://play.google.com/store/apps/developer?id=UniBit,4.2,398,49,11,28,38,272
Free  Airtel TV Live &  Movies HD Tips,Books & Reference,bit feyt bot,https://play.google.com/store/apps/developer?id=bit+feyt+bot,4.4,46,4,0,3,5,34
Birthday Song With Name : Birthday Songs,Tools,Manya App Studio,https://play.google.com/store/apps/developer?id=Manya+App+Studio,3.7,39,8,3,3,5,20
Stunt Car Racing Simulator: Free Car Games 2018,Simulation,Desire PK,https://play.google.com/store/apps/dev?id=4687045479860634476,4.3,175,20,7,6,14,128
Ultimate King Fighter: Death Match 2,Action,Action Adventure Gameplay Studios,https://play.google.com/store/apps/developer?id=Action+Adventure+Gameplay+Studios,4.4,47,5,1,0,6,35
Like4like pro,Social,Dominatorhouse,https://play.google.com/store/apps/developer?id=Dominatorhouse,4.5,616,40,8,29,47,492
High Speed Extreme  Bike Race Game: Space Heroes,Racing,Tiny Lab Games,https://play.google.com/store/apps/dev?id=5276432544756442683,4.4,45,3,2,1,5,34
Smash Bubbles,Casual,Match 3 Fun Games,https://play.google.com/store/apps/dev?id=6248802720099859869,4.5,58,1,1,6,11,39
Guide For Xender File Transfer & Share,Books & Reference,sementic,https://play.google.com/store/apps/developer?id=sementic,4.5,34,3,1,0,3,27
Barecode Super Phone - FREE,Video Players & Editors,HortonDEV,https://play.google.com/store/apps/developer?id=HortonDEV,4.2,199,30,4,11,7,147
Plippa games for girls,Casual,plippa,https://play.google.com/store/apps/developer?id=plippa,4.4,418,29,7,40,36,306
True Call Mobile Locator & Caller ID Blocker,Communication,Randy Apps,https://play.google.com/store/apps/developer?id=Randy+Apps,3.8,87,20,3,5,4,55
Ramadan Video Status,Entertainment,Cell Germny,https://play.google.com/store/apps/developer?id=Cell+Germny,3.8,142,31,6,12,11,82
Video Editor Of Photos With Song & Video Maker,Photography,creative video editor photo slideshow maker Inc.,https://play.google.com/store/apps/developer?id=creative+video+editor+photo+slideshow+maker+Inc.,4.6,740,16,3,34,132,555
Star Sports- Live Cricket Channel List (guide),Sports,Tech Wolf,https://play.google.com/store/apps/developer?id=Tech+Wolf,4.1,72,12,1,6,3,50
Cursed Castle Save the Princess,Casual,bmapps,https://play.google.com/store/apps/developer?id=bmapps,4.4,108,12,1,7,4,84
Ludo Players - Dice Board Game,Board,Topcha Apps,https://play.google.com/store/apps/developer?id=Topcha+Apps,4.3,33,2,1,3,5,22
Love Photo Frames - Love Locket Photo Editor,Photography,Pic Frame Photo Collage Maker & Picture Editor,https://play.google.com/store/apps/developer?id=Pic+Frame+Photo+Collage+Maker+%26+Picture+Editor,4.5,47,2,1,3,7,34
How to Forward Someone Call to Our Phone?,Productivity,Smile HD Studio,https://play.google.com/store/apps/developer?id=Smile+HD+Studio,3.8,13,3,0,1,1,8
Bottle Target Shoot,Adventure,Door to apps,https://play.google.com/store/apps/dev?id=4716605590557508920,4.3,126,13,2,10,7,94
Auto Liker,Social,Dreamz Tech,https://play.google.com/store/apps/developer?id=Dreamz+Tech,4.1,229,32,10,14,20,153
"Recover Deleted All Files, Photos, Videos,Contacts",Tools,Hello App Studio,https://play.google.com/store/apps/developer?id=Hello+App+Studio,4.1,44,6,0,7,3,28
Candy Break Bomb,Casual,Gamoper,https://play.google.com/store/apps/developer?id=Gamoper,4.6,435,8,5,22,71,329
"Mobile Tv - Live Cricket & Movies,Ditto Tv Plus",Entertainment,Qwerty Media Pvt Ltd,https://play.google.com/store/apps/developer?id=Qwerty+Media+Pvt+Ltd,3.6,934,164,69,142,168,391
Dinosaur Era : Survival Game,Simulation,MTS Free Games,https://play.google.com/store/apps/developer?id=MTS+Free+Games,4.2,21,2,0,2,4,13
Music Equalizer & Sound Bass Booster,Music & Audio,DotDotDog,https://play.google.com/store/apps/developer?id=DotDotDog,4.8,522,4,3,8,68,439
Corp EASE,Finance,Corporation Bank -(HO-ITD),https://play.google.com/store/apps/developer?id=Corporation+Bank+-%28HO-ITD%29,3.1,1807,713,73,89,139,793
Jewels Quest 2 - Glowing Match 3,Puzzle,Teskin Games,https://play.google.com/store/apps/developer?id=Teskin+Games,4.6,27,0,1,3,2,21
Rake Monster Hunter,Simulation,OneTonGames,https://play.google.com/store/apps/dev?id=9176665870943617333,4.4,4191,254,71,285,519,3062
"HD Camera - selfie camera, beauty cam, photo edit",Photography,iJoysoft,https://play.google.com/store/apps/developer?id=iJoysoft,4.6,444,11,3,30,64,336
World Football Champion,Sports,"Color Mobile, Inc.","https://play.google.com/store/apps/developer?id=Color+Mobile,+Inc.",4.6,1534,96,26,78,62,1272
Drop The Ball,Arcade,VOODOO,https://play.google.com/store/apps/developer?id=VOODOO,3.9,267,53,11,13,29,161
Trick Tekken 3,Action,Endich,https://play.google.com/store/apps/developer?id=Endich,4.6,17,1,0,1,1,14
Super Car Racing 3D,Racing,BIG HUNTER,https://play.google.com/store/apps/developer?id=BIG+HUNTER,4.5,399,23,7,21,29,319
Caller ID - Number Tracker & Call Blocker,Communication,Rockin Apps,https://play.google.com/store/apps/developer?id=Rockin+Apps,3.9,101,20,3,6,7,65
Stickman jailbreak 9,Casual,Starodymov games,https://play.google.com/store/apps/dev?id=7543058881021696216,4.4,1220,116,21,60,103,920
Pokemon Pro Collection - Free G.B.A Classic Game,Adventure,plasne,https://play.google.com/store/apps/developer?id=plasne,4.5,832,51,6,42,70,663
Forage Tractor Farming Drive,Simulation,HATCOM Inc.,https://play.google.com/store/apps/dev?id=6427388348363567691,4.3,353,41,6,17,21,268
Tricky Bike Racing With Crazy Rider 3D,Racing,Vasundhara Game Studios,https://play.google.com/store/apps/developer?id=Vasundhara+Game+Studios,4.4,68,7,0,3,7,51
10th & 12th Board Result 2018 & Check Answer Sheet,Education,Indian App Store,https://play.google.com/store/apps/developer?id=Indian+App+Store,4.9,244,4,2,2,5,231
City Ambulance Rescue Simulator Games,Simulation,Gamers Trend,https://play.google.com/store/apps/dev?id=8517959265305990625,4.6,24,2,0,0,2,20
Live Chat - Random Video Chat,Communication,Cricketian Developers,https://play.google.com/store/apps/developer?id=Cricketian+Developers,4.4,34,2,0,5,1,26
QR/Barcode Scanner,Tools,SRK Games,https://play.google.com/store/apps/developer?id=SRK+Games,4.5,45,2,0,4,5,34
Wings of Fire - Drone Fly  Fighter,Simulation,Standard Games Studios,https://play.google.com/store/apps/developer?id=Standard+Games+Studios,4.4,48,6,1,1,1,39
Fantasy11-Dream11 Match prediction,Sports,KYC TECHNO Ltd.,https://play.google.com/store/apps/developer?id=KYC+TECHNO+Ltd.,3.9,50,9,1,6,5,29
Aadhar Card Link to Mobile Number,Tools,Khabari Appz,https://play.google.com/store/apps/developer?id=Khabari+Appz,4.3,41,5,1,2,2,31
Airplane Flight Adventure: Games for Landing,Simulation,Step Up Game Studios,https://play.google.com/store/apps/dev?id=5286320531054919482,4.4,37,4,1,1,1,30
Live IPL TV,Sports,Super Lite Apps,https://play.google.com/store/apps/developer?id=Super+Lite+Apps,4.1,68,13,0,5,2,48
PAPER Anne,Adventure,UsFun Games,https://play.google.com/store/apps/developer?id=UsFun+Games,3.4,500,136,32,62,52,218
Aadhar Card Scanner,Tools,Khabari Appz,https://play.google.com/store/apps/developer?id=Khabari+Appz,3.8,27,7,0,2,1,17
Elfcraft - Match and crush 3 Stones,Casual,Tivola,https://play.google.com/store/apps/dev?id=8927372468482477196,4.2,43,4,1,6,5,27
Moto Highway Rider,Racing,TerranDroid,https://play.google.com/store/apps/developer?id=TerranDroid,4.4,721,46,6,69,97,503
Zoom Hd Camera,Photography,Samtex,https://play.google.com/store/apps/developer?id=Samtex,4.6,78,3,0,7,6,62
XX HD Movie Player 2018 : HD Video Player,Video Players & Editors,Smile HD Studio,https://play.google.com/store/apps/developer?id=Smile+HD+Studio,4.3,40,6,0,2,1,31
Resume Maker : CV Maker App with Templates,Business,The App Company INC,https://play.google.com/store/apps/developer?id=The+App+Company+INC,3.2,49,16,3,3,7,20
Diner Match 3,Adventure,Free Bubble Shooter Games,https://play.google.com/store/apps/developer?id=Free+Bubble+Shooter+Games,4.5,43,1,0,6,6,30
Motorbike Stunt Master 2018,Simulation,Gameza Inc,https://play.google.com/store/apps/developer?id=Gameza+Inc,4.2,92,13,4,2,7,66
Game Tekken 3 Guide 2018 Reborn,Entertainment,Ikinokoru Ltd,https://play.google.com/store/apps/developer?id=Ikinokoru+Ltd,4.6,13,1,0,0,1,11
Tractor Driving in Farm ‚Äì Extreme Transport Games,Simulation,Step Up Game Studios,https://play.google.com/store/apps/dev?id=5286320531054919482,4.4,84,7,2,3,7,65
Airplane Hijack: Rescue Mission,Action,Standard Games Studios,https://play.google.com/store/apps/developer?id=Standard+Games+Studios,4.2,167,21,5,10,14,117
360 Camera: Making You The Best,Photography,Foxcam,https://play.google.com/store/apps/developer?id=Foxcam,4.5,542,20,10,43,63,406
Bike Super Hero Stunt Driver Racing,Simulation,Best Fun Games Racing Simulators,https://play.google.com/store/apps/developer?id=Best+Fun+Games+Racing+Simulators,4.4,54,5,1,3,6,39
GiftMoney- Earn Money With Gifts,Entertainment,Etechdevloper,https://play.google.com/store/apps/developer?id=Etechdevloper,3.4,67,22,3,4,1,37
Forklift Games: Rear Wheels Forklift Driving,Simulation,Zact Studio Games,https://play.google.com/store/apps/dev?id=7326943805560551330,4.4,81,8,2,5,4,62
Grand Street Vegas Mafia Crime : Fight To Survive,Action,Freydaso,https://play.google.com/store/apps/developer?id=Freydaso,4.4,912,88,16,54,81,673
Fruit Pop Tap Cube,Casual,Global Interactive,https://play.google.com/store/apps/developer?id=Global+Interactive,4.4,192,9,5,17,21,140
Gun and Bullet Keyboard Theme,Personalization,Luxury Keyboard Theme,https://play.google.com/store/apps/developer?id=Luxury+Keyboard+Theme,4.6,212,3,3,14,34,158
Bihar Bijli Bill Pay(BBBP),Business,SBPDCL NBPDCL,https://play.google.com/store/apps/developer?id=SBPDCL+NBPDCL,4.6,46,4,0,0,3,39
Contacts - Caller Screen Dialer,Productivity,LM Inc,https://play.google.com/store/apps/developer?id=LM+Inc,4.3,57,4,2,6,7,38
PDF Reader ‚Äì PDF Editor 2018,Tools,fodoo,https://play.google.com/store/apps/developer?id=fodoo,4.6,54,1,1,3,8,41
"Jigsaw Puzzles Free Game OFFLINE, Picture Puzzle",Puzzle,Cris Resh,https://play.google.com/store/apps/developer?id=Cris+Resh,4.4,612,51,10,34,57,460
Super Car 3D Adventure Parking,Simulation,Scomz,https://play.google.com/store/apps/developer?id=Scomz,4.4,57,3,3,4,4,43
Cricket  TV Match : Live IPL Mobile Cricket guide,Sports,Drop Media Inc,https://play.google.com/store/apps/developer?id=Drop+Media+Inc,4.9,325,9,0,3,5,308
Birthday Cake With Name And Photo,Photography,Cake Master Tech,https://play.google.com/store/apps/developer?id=Cake+Master+Tech,4.3,62,4,2,9,3,44
HD Video Player,Video Players & Editors,Creative Tech Team,https://play.google.com/store/apps/developer?id=Creative+Tech+Team,4.7,33,0,1,3,2,27
Luxury Prado: Offroad 4X4,Simulation,Abacus Gamers,https://play.google.com/store/apps/developer?id=Abacus+Gamers,4.5,33,3,0,0,6,24
Stickman Fight: The Game,Action,JDI Game Studio,https://play.google.com/store/apps/dev?id=5660622683758606290,4.5,5975,581,59,193,335,4807
Best Tekken 3 Trick,Action,Kamflo,https://play.google.com/store/apps/developer?id=Kamflo,4.1,29,5,0,2,1,21
Video downloader-mp4 movie downloader,Video Players & Editors,Universaldream Apps,https://play.google.com/store/apps/developer?id=Universaldream+Apps,3.5,40,10,1,6,3,20
Ludo Arena - Royal King,Board,Ciaolink Apps,https://play.google.com/store/apps/developer?id=Ciaolink+Apps,4.9,496,11,1,5,12,467
Lock screen water,Tools,smart tool,https://play.google.com/store/apps/developer?id=smart+tool,4.3,38,3,1,4,3,27
WhatsAgent - Online Tracker,Tools,Magic Tools.,https://play.google.com/store/apps/developer?id=Magic+Tools.,3.6,4997,762,496,1006,605,2128
"Airtel TV : Live Cricket , Movies & Shows",Entertainment,UKROOS Media Incl,https://play.google.com/store/apps/developer?id=UKROOS+Media+Incl,4.7,289,8,5,8,15,253
Voice Calculator : Speak & Talk Calculator,Tools,Toolskit Zone,https://play.google.com/store/apps/developer?id=Toolskit+Zone,4.5,34,2,0,4,1,27
Toonsquare,Entertainment,Toonsquare,https://play.google.com/store/apps/developer?id=Toonsquare,4.5,97,9,3,2,3,80
Small Flash,Books & Reference,TD-tech,https://play.google.com/store/apps/developer?id=TD-tech,2.1,41,29,0,1,2,9
VidOne - Video Maker of Photo Music & Video Editor,Video Players & Editors,VidOne .Inc,https://play.google.com/store/apps/developer?id=VidOne+.Inc,4.2,212,19,6,24,23,140
Village Road Construction Builder: Build Highway,Casual,Smile Stones Studio,https://play.google.com/store/apps/developer?id=Smile+Stones+Studio,4.4,29,3,0,2,2,22
Dinosaur Hunt 2018,Action,Best Free Games Ltd,https://play.google.com/store/apps/developer?id=Best+Free+Games+Ltd,4.5,89,6,1,4,10,68
Final Hunter: Wild Animal Huntingüêé,Action,shootergameball,https://play.google.com/store/apps/developer?id=shootergameball,4.5,579,35,11,25,49,459
My Name Ringtone Maker : Ringtone With Your Name,Tools,Manya App Studio,https://play.google.com/store/apps/developer?id=Manya+App+Studio,4.6,8,0,0,1,1,6
Animal Hunting 2: Jeep Drive Simulator,Action,Logic Rack,https://play.google.com/store/apps/developer?id=Logic+Rack,4,44,7,3,1,6,27
Channel list for Videocon d2h & Videocon Recharge,Entertainment,go100mobileapps,https://play.google.com/store/apps/developer?id=go100mobileapps,4.6,50,2,0,3,8,37
Death Road 3 : Desperate Racing,Adventure,Love Free Shooting Games - FPS,https://play.google.com/store/apps/developer?id=Love+Free+Shooting+Games+-+FPS,4.1,571,67,22,54,52,376
Air Force Jet Fighter Combat 3d,Action,Idle Vision,https://play.google.com/store/apps/developer?id=Idle+Vision,3.5,93,30,3,4,3,53
Bank balance check : Bank Babu,Finance,Bank Babu,https://play.google.com/store/apps/developer?id=Bank+Babu,4.9,8,0,0,0,1,7
Fire Truck Driving Rescue 911 Fire Engine Games,Simulation,Roadster Inc - 3D Games Action & Simulation,https://play.google.com/store/apps/developer?id=Roadster+Inc+-+3D+Games+Action+%26+Simulation,4.2,35,6,1,0,0,28
Tricky bike new crazy stunt dead mission,Simulation,Swat Action Games,https://play.google.com/store/apps/developer?id=Swat+Action+Games,4.2,87,8,4,6,10,59
Rajasthani Wedding - Indian Arranged Marriage,Casual,Increase Mind Games,https://play.google.com/store/apps/developer?id=Increase+Mind+Games,4.5,95,5,2,7,6,75
Yashi Films ( Dabang Sarkar ) Bhojpuri Video,Entertainment,ARTIST SOCIAL MEDIA,https://play.google.com/store/apps/developer?id=ARTIST+SOCIAL+MEDIA,4.5,52,4,0,2,5,41
US Prisoner Police Bus: Bus Games,Simulation,Gamers Hive,https://play.google.com/store/apps/developer?id=Gamers+Hive,4.6,39,1,1,2,3,32
FunShare - Share your fun. Chat with friends,Entertainment,FunShare Team,https://play.google.com/store/apps/developer?id=FunShare+Team,4.6,14,1,0,0,2,11
Dragon Warriors: Ball Z,Action,Table Blue,https://play.google.com/store/apps/developer?id=Table+Blue,4.5,2291,139,29,105,218,1800
Snake Crash 2: Snake Rush,Arcade,Poker Power,https://play.google.com/store/apps/developer?id=Poker+Power,4.2,545,67,13,34,51,380
Live IPL Cricket starsports-hotstar channels guide,Sports,Ashir PBVR,https://play.google.com/store/apps/developer?id=Ashir+PBVR,3.8,106,15,5,17,16,53
Gorilla Smash City Big Foot Monster Rampage,Action,Machine Dreams Inc,https://play.google.com/store/apps/dev?id=8766811091380713707,4.2,47,6,3,1,3,34
Period Calendar Rosa - Track Menstrual Cycle,Tools,Rosa Care Group,https://play.google.com/store/apps/developer?id=Rosa+Care+Group,4.3,624,54,14,46,85,425
Grand Monster Truck Simulator Drive,Simulation,Gamors,https://play.google.com/store/apps/developer?id=Gamors,4.3,187,16,3,19,27,122
Train Driving Simulator: Train Games 2018,Simulation,play.io,https://play.google.com/store/apps/developer?id=play.io,4.4,106,11,0,7,7,81
Gun&bullet lock screen,Personalization,Weather Widget Theme Dev Team,https://play.google.com/store/apps/developer?id=Weather+Widget+Theme+Dev+Team,4.5,372,17,4,40,35,276
Euro Truck Simulator vs USA Truck,Simulation,Trend Gaming Zone,https://play.google.com/store/apps/developer?id=Trend+Gaming+Zone,4.1,113,22,1,2,9,79
"Recover Deleted Contacts, SMS, Apps, Call logs",Tools,Color Flash,https://play.google.com/store/apps/developer?id=Color+Flash,3.7,43,12,0,2,4,25
Water Slide Car Stunt Race,Simulation,Gamers Bell,https://play.google.com/store/apps/developer?id=Gamers+Bell,4.4,14,2,0,0,0,12
Blue golden rose live wallpaper,Personalization,New HD Live wallpapers,https://play.google.com/store/apps/developer?id=New+HD+Live+wallpapers,4.6,60,0,1,7,9,43
Telolet Bus Simulator 2018 - Top Coach Bus Driving,Simulation,Gaming Stars Inc,https://play.google.com/store/apps/developer?id=Gaming+Stars+Inc,4,22,3,1,3,2,13
Golden fidget spinner lock screen,Personalization,Weather Widget Theme Dev Team,https://play.google.com/store/apps/developer?id=Weather+Widget+Theme+Dev+Team,4.5,174,10,2,18,13,131
Toys Pop,Puzzle,MadOverGames,https://play.google.com/store/apps/dev?id=7022253202210463993,4.8,989,9,1,43,111,825
Voice Call Dialer - Voice Phone Dialer,Tools,"Background Changer, Eraser & Booth Photo Editor","https://play.google.com/store/apps/developer?id=Background+Changer,+Eraser+%26+Booth+Photo+Editor",4.4,44,5,0,2,4,33
KBC 2018,Educational,Crorepati India : Biggest Hindi GK Quiz 2018,https://play.google.com/store/apps/developer?id=Crorepati+India+:+Biggest+Hindi+GK+Quiz+2018,4.3,51,5,4,0,2,40
Gallery,Tools,Smart Photo Editor,https://play.google.com/store/apps/developer?id=Smart+Photo+Editor,4.4,305,19,5,34,37,210
Garden Farm Legend,Casual,Cosmo Game,https://play.google.com/store/apps/developer?id=Cosmo+Game,4.6,228,3,0,15,45,165
Remote Control for All TV : Remote for All Devices,Tools,Manya App Studio,https://play.google.com/store/apps/developer?id=Manya+App+Studio,4.1,17,3,0,2,0,12
Hd Camera Professional,Photography,Samtex,https://play.google.com/store/apps/developer?id=Samtex,4.2,188,24,5,12,19,128
PACL Refund News,News & Magazines,Prajapati news,https://play.google.com/store/apps/developer?id=Prajapati+news,4.7,25,0,0,3,2,20
Face detection style lockscreen for prank,Personalization,Weather Widget Theme Dev Team,https://play.google.com/store/apps/developer?id=Weather+Widget+Theme+Dev+Team,4.3,103,7,4,11,9,72
Haryana Board Result 2018,Education,Affi Lab,https://play.google.com/store/apps/developer?id=Affi+Lab,4.1,12,2,0,0,3,7
Deeniyat Pro Ramadan Salah Namaz Time Quran  Qibla,Lifestyle,Teeba Siddiqui,https://play.google.com/store/apps/developer?id=Teeba+Siddiqui,4.8,76,2,0,1,7,66
KBC in Hindi 2018 : India General Knowledge,Educational,Crorepati India : Biggest Hindi GK Quiz 2018,https://play.google.com/store/apps/developer?id=Crorepati+India+:+Biggest+Hindi+GK+Quiz+2018,4.9,30,0,0,0,2,28
My Dream Spa Beauty Salon : Hair Saloon,Casual,GameiMake,https://play.google.com/store/apps/developer?id=GameiMake,4.4,94,11,1,2,10,70
Live Talk - Free Text and Video Chat,Dating,Girls Live Talk,https://play.google.com/store/apps/developer?id=Girls+Live+Talk,4.8,804,29,2,9,22,742
Ludo (original) : Star 2017 : Ludo star king,Board,Whiteberry Apps,https://play.google.com/store/apps/developer?id=Whiteberry+Apps,3.6,458,145,5,21,23,264
Superhero Fighting Games 3D - War of Infinity Gods,Action,Next Action Games,https://play.google.com/store/apps/developer?id=Next+Action+Games,4.5,88,6,1,4,6,71
Modern Bus Simulator 3d: Bus Driving Games 2018,Simulation,Desire PK,https://play.google.com/store/apps/dev?id=4687045479860634476,4,45,8,0,3,5,29
CREATIVE  (BETA),Personalization,Studio Kubix,https://play.google.com/store/apps/dev?id=8389546869586915546,3.9,186,27,18,12,21,108
Mobile Number Locator,Communication,Constr,https://play.google.com/store/apps/developer?id=Constr,4,145,26,6,6,14,93
US Police Parking: Car Games,Simulation,Gaming Globe Inc.,https://play.google.com/store/apps/dev?id=8310920612688764575,4.5,48,5,0,1,1,41
Indian Train Oil Tanker Uphill Train Simulator,Simulation,Roadster Inc - 3D Games Action & Simulation,https://play.google.com/store/apps/developer?id=Roadster+Inc+-+3D+Games+Action+%26+Simulation,4.1,54,10,1,2,4,37
Hollywood Hindi Dubbed Movies,Entertainment,vvigox,https://play.google.com/store/apps/developer?id=vvigox,3.6,50,11,2,6,7,24
Photo caller Screen ‚Äì HD Photo Caller ID,Productivity,Retro App Club,https://play.google.com/store/apps/developer?id=Retro+App+Club,4.5,52,5,0,1,4,42
GFX Tool,Tools,tsoml,https://play.google.com/store/apps/developer?id=tsoml,4.8,5750,125,40,156,372,5057
Highway City Traffic Racing Game,Simulation,Super Trending Games,https://play.google.com/store/apps/developer?id=Super+Trending+Games,4.3,87,6,2,10,14,55
Street Ice Cream Shop - Summer Beach Carnival,Educational,Family Kids Games,https://play.google.com/store/apps/developer?id=Family+Kids+Games,4.6,65,4,0,2,4,55
Video Player-HD Video Downloader,Tools,SMN Developer,https://play.google.com/store/apps/developer?id=SMN+Developer,4.3,69,2,2,12,7,46
Street Racing in Car Simulator 2018 - Car Racer,Simulation,Crazy Gaming Studio,https://play.google.com/store/apps/developer?id=Crazy+Gaming+Studio,4.7,61,0,2,5,5,49
Launcher for Android ‚Ñ¢,Personalization,Wallpapers and Themes,https://play.google.com/store/apps/dev?id=7400586232523501338,4.4,284,16,4,28,30,206
"ePayLater - Buy Now, Pay Later",Finance,epaylater.in,https://play.google.com/store/apps/developer?id=epaylater.in,4.3,214,28,3,5,18,160
Mortal Superhero Kombat gods Ring Battle Arena,Action,Superhero Fighting Games,https://play.google.com/store/apps/developer?id=Superhero+Fighting+Games,4.4,76,6,1,9,4,56
Billionaire Dad Luxury Life Real Family Games,Adventure,New Age Gamers,https://play.google.com/store/apps/developer?id=New+Age+Gamers,4,110,21,1,8,6,74
Email App for Android - MailTrust,Communication,Mailtrust,https://play.google.com/store/apps/developer?id=Mailtrust,4.5,243,12,5,12,35,179
StreamNow - Live Video Streaming App,Social,StreamNow Inc,https://play.google.com/store/apps/developer?id=StreamNow+Inc,4.5,55,3,1,4,2,45
Editing Stocks - CB Backgrounds & CB PNG HD,Photography,Best Tech Solutions,https://play.google.com/store/apps/dev?id=8543714277782150483,4.6,416,25,8,14,27,342
Jungle Hill Racing,Casual,marble.lab,https://play.google.com/store/apps/developer?id=marble.lab,4.5,129,8,2,9,9,101
Cooking Blast,Casual,Bubble Shooter Artworks,https://play.google.com/store/apps/developer?id=Bubble+Shooter+Artworks,4.6,36,1,0,5,2,28
Uphill Off Road Bus City Coach Bus Simulator 2018,Simulation,Haxinator,https://play.google.com/store/apps/developer?id=Haxinator,4.4,70,6,0,5,6,53
XX Photo Video Movie Maker with Music : 2018 Movie,Video Players & Editors,Smile HD Studio,https://play.google.com/store/apps/developer?id=Smile+HD+Studio,4.8,17,0,0,2,0,15
Sweet Baby Daily Fun Activities,Educational,DeduToons,https://play.google.com/store/apps/developer?id=DeduToons,4.4,56,5,1,1,10,39
Train Driving Super Simulator,Simulation,Volcano Gaming Studio,https://play.google.com/store/apps/developer?id=Volcano+Gaming+Studio,4.6,44,3,1,0,4,36
Barcode scanner,Productivity,"Tool Apps (music, video, recorder)","https://play.google.com/store/apps/developer?id=Tool+Apps+%28music,+video,+recorder%29",3.9,268,58,6,12,33,159
Tricky Bike Stunt Master Crazy Stuntman Bike Rider,Simulation,Jhatka Gamers,https://play.google.com/store/apps/developer?id=Jhatka+Gamers,4.6,53,3,1,2,1,46
Racing Rocket : Parkour Rivals,Racing,Rooster Games,https://play.google.com/store/apps/dev?id=7301927668178768809,4.5,127,8,0,9,11,99
"Patch  - Easy, Fast & Secure Group Calls",Communication,PatchUS Communications Pvt. Ltd.,https://play.google.com/store/apps/developer?id=PatchUS+Communications+Pvt.+Ltd.,4.6,21,1,0,1,2,17
super Subway : Train Surf run fun 3D,Racing,Swift runner,https://play.google.com/store/apps/developer?id=Swift+runner,4.6,25,1,0,1,5,18
What Scan + (Dual Whatz ),Communication,App Zone Solution,https://play.google.com/store/apps/developer?id=App+Zone+Solution,3.8,59,13,1,5,7,33
MovieRulzFree,Entertainment,Sri tech,https://play.google.com/store/apps/developer?id=Sri+tech,4.2,76,8,4,8,3,53
US Army Truck Simulator,Simulation,Tap - Free Games,https://play.google.com/store/apps/developer?id=Tap+-+Free+Games,4.5,38,2,0,3,4,29
Mobile Photo Frames,Art & Design,Tri Core,https://play.google.com/store/apps/developer?id=Tri+Core,4.3,34,3,2,2,2,25
Robot Dolphin Transform Submarine: Army Robot Game,Simulation,Warm Milk Productions,https://play.google.com/store/apps/developer?id=Warm+Milk+Productions,4.7,31,2,0,0,1,28
Offroad Bus Transport Simulator,Simulation,Racing Games Android,https://play.google.com/store/apps/developer?id=Racing+Games+Android,4.4,62,6,2,3,4,47
Star Gold Movies HD,Entertainment,Best Service Apps World,https://play.google.com/store/apps/developer?id=Best+Service+Apps+World,3.6,25,6,2,2,2,13
Nomao Camera,Entertainment,Xray App Studio,https://play.google.com/store/apps/developer?id=Xray+App+Studio,3.4,32,7,3,5,3,14
Pokemoon fire red version - Free GBA Classic Game,Strategy,dragonalphadev,https://play.google.com/store/apps/developer?id=dragonalphadev,4.6,506,31,5,16,39,415
Barber Shop Hair Salon Beard Hair Cutting Games 2,Casual,Crazy Games Lab,https://play.google.com/store/apps/dev?id=7174351842942600674,3.5,243,72,8,18,18,127
Modern Flying Car Limousine Taxi Simulator Games,Simulation,Great Games Studio,https://play.google.com/store/apps/developer?id=Great+Games+Studio,3.9,16,2,1,3,0,10
Shoot Bubbles,Casual,Free Bubble Shooter Games,https://play.google.com/store/apps/developer?id=Free+Bubble+Shooter+Games,4.6,148,5,2,10,17,114
Fast Food Stand - Fried Food Cooking Game,Educational,Junior Games Studio,https://play.google.com/store/apps/developer?id=Junior+Games+Studio,4.2,85,9,2,10,2,62
My Photo App Lock ‚Äì App Safe Vault,Tools,Manya App Studio,https://play.google.com/store/apps/developer?id=Manya+App+Studio,4.3,36,4,1,1,4,26
My Photo Keyboard ‚Äì Customize Keyboard Themes,Tools,Photo Tools Apps,https://play.google.com/store/apps/developer?id=Photo+Tools+Apps,4.4,135,9,1,10,17,98
US Train Hijack Rescue Ops Simulator,Action,Gamy Interactive,https://play.google.com/store/apps/dev?id=6808269291574978393,4.4,40,4,1,2,1,32
Happy Birthday Song With Name,Entertainment,Blockbuster Apps,https://play.google.com/store/apps/developer?id=Blockbuster+Apps,2.5,11,6,0,1,1,3
Desert Train Escape,Adventure,Games2Jolly,https://play.google.com/store/apps/dev?id=8827393609830729715,4.4,188,9,5,13,41,120
Stickman jailbreak 2018,Adventure,Starodymov,https://play.google.com/store/apps/developer?id=Starodymov,4,806,145,18,44,67,532
Voter ID Card Online Service,Productivity,Max Photo Video Movie Maker,https://play.google.com/store/apps/developer?id=Max+Photo+Video+Movie+Maker,3.9,17,4,0,1,1,11
River Bridge Builds Construction: Free games,Simulation,Gaming Globe Inc.,https://play.google.com/store/apps/dev?id=8310920612688764575,4.3,109,11,2,12,7,77
Ball Balance Neon,Adventure,LM Inc,https://play.google.com/store/apps/developer?id=LM+Inc,4.5,114,5,1,8,17,83
City Police MotorBike 3D Driving Simulator,Simulation,Best Free Games.,https://play.google.com/store/apps/developer?id=Best+Free+Games.,4,40,6,3,2,2,27
"Ottipo Photo Editor : Stickers, Frames, Collages",Photography,Fitness Circle,https://play.google.com/store/apps/dev?id=6766325403474366439,4.6,114,6,4,2,4,98
File Manager,Tools,jaesalln@gmail.com,https://play.google.com/store/apps/developer?id=jaesalln@gmail.com,4.2,152,16,2,13,23,98
Pk Dj Studio Bhojpuri Dj Song -Bhojpuri Stage Show,Entertainment,ARTIST SOCIAL MEDIA,https://play.google.com/store/apps/developer?id=ARTIST+SOCIAL+MEDIA,4.4,33,2,1,3,2,25
Real Craft: City Builder,Adventure,Craft Apps Game Studio,https://play.google.com/store/apps/dev?id=8346296054173661689,4.2,825,99,16,72,68,570
Compass Navigation for Android: Accurate Direction,Tools,Mindsol Maps & Navigation - GPS Route Finder,https://play.google.com/store/apps/developer?id=Mindsol+Maps+%26+Navigation+-+GPS+Route+Finder,4.4,87,6,2,8,10,61
Text On Photo,Photography,Best Photo Editor,https://play.google.com/store/apps/dev?id=8814226609646914318,3.9,98,19,3,8,9,59
FPS Action Doctrine: Free Action Games,Action,Gamers Hive,https://play.google.com/store/apps/developer?id=Gamers+Hive,4.4,177,13,3,11,20,130
Cooking cake bakery shop,Casual,LPRA STUDIO,https://play.google.com/store/apps/developer?id=LPRA+STUDIO,4.3,73,6,2,5,11,49
US Army Transport Game ‚Äì Cargo Plane & Army Tanks,Simulation,Crazy Neuron Studio,https://play.google.com/store/apps/developer?id=Crazy+Neuron+Studio,4.6,44,3,1,0,2,38
Love Caller Screen 2,Communication,Larrea Apps,https://play.google.com/store/apps/developer?id=Larrea+Apps,4.7,115,2,1,3,15,94
Endless Street Runner,Arcade,AbsoLogix - 3D Games Studio,https://play.google.com/store/apps/developer?id=AbsoLogix+-+3D+Games+Studio,4.4,77,9,0,2,7,59
Hot Bhojpuri video songs,Entertainment,mayHot Apps,https://play.google.com/store/apps/developer?id=mayHot+Apps,4.3,55,3,3,5,6,38
Blaze Race The Skytrack,Racing,JOSEASTUR,https://play.google.com/store/apps/developer?id=JOSEASTUR,4.5,31,3,0,2,1,25
Mountain Sniper Shooter Elite Assassin,Action,Mini Studio,https://play.google.com/store/apps/developer?id=Mini+Studio,4.3,198,20,5,10,19,144
Heavy Coach Bus Simulation Game,Simulation,Gamrizer,https://play.google.com/store/apps/developer?id=Gamrizer,4.3,51,5,0,5,4,37
Subway Surf Train Fun Ultimate,Adventure,Mirza app,https://play.google.com/store/apps/developer?id=Mirza+app,4.4,14,1,0,2,1,10
Pirate Quest Booty Match,Puzzle,Global Interactive,https://play.google.com/store/apps/developer?id=Global+Interactive,4.5,81,4,0,9,9,59
Cookie Match Fever,Casual,Funcell  Entertainment,https://play.google.com/store/apps/developer?id=Funcell++Entertainment,4.4,23,1,1,1,4,16
Qualify NET JRF,Education,Kumar Bharat,https://play.google.com/store/apps/developer?id=Kumar+Bharat,4.5,183,9,8,7,23,136
Steam Link (BETA),Entertainment,Valve Corporation,https://play.google.com/store/apps/developer?id=Valve+Corporation,4.3,3161,212,134,262,472,2081
Indian Airplane Traveller,Simulation,Broship Survival Gaming Studio Free Simulator Game,https://play.google.com/store/apps/developer?id=Broship+Survival+Gaming+Studio+Free+Simulator+Game,3.9,30,7,1,0,1,21
Off-Road Trucker Mountain Drive Simulator,Simulation,Stain For Games,https://play.google.com/store/apps/developer?id=Stain+For+Games,4.3,36,5,0,1,4,26
Name se Jane Apna Bhavishya : Know Your Zodiac,Tools,Video Prank Apps,https://play.google.com/store/apps/developer?id=Video+Prank+Apps,3.8,32,5,2,4,6,15
US Helicopter 3D: Helicopter Games 2018,Simulation,Knock Solutions,https://play.google.com/store/apps/dev?id=8704285439933135692,4.9,22,0,0,1,1,20
Offroad Pickup Truck Simulator,Simulation,Oppana Games,https://play.google.com/store/apps/developer?id=Oppana+Games,4.6,704,45,5,32,47,575
"SUPER Recorder - Screen Recorder, Capture, Editor",Video Players & Editors,AIO Studio (Best Apps For Mobile),https://play.google.com/store/apps/developer?id=AIO+Studio+%28Best+Apps+For+Mobile%29,4.5,817,48,13,33,77,646
Car Mountain Hill Driver - Climb Racing Game,Racing,Best Fun Games Racing Simulators,https://play.google.com/store/apps/developer?id=Best+Fun+Games+Racing+Simulators,4.3,50,6,1,2,2,39
Excavator Simulator - Construction Road Builder,Simulation,Level9 Studios,https://play.google.com/store/apps/developer?id=Level9+Studios,4.5,39,2,1,2,3,31
Shoot Strike 3D Gun Attack: Game of Civil War,Action,Trend of Action,https://play.google.com/store/apps/developer?id=Trend+of+Action,4.4,20,1,0,3,2,14
Video player-Hd all format video player,Video Players & Editors,Fig Studio,https://play.google.com/store/apps/developer?id=Fig+Studio,4.4,56,6,1,3,2,44
Bubble Pop Shooter 2019 - New Panda save babies,Puzzle,Kenpasea,https://play.google.com/store/apps/developer?id=Kenpasea,4.4,27,2,0,2,4,19
Bhagavad Gita in Hindi,Books & Reference,CWA Team,https://play.google.com/store/apps/developer?id=CWA+Team,4.9,57,1,0,0,2,54
Live Ipl Matches on star sports,Entertainment,Appstar cricket Entertainment,https://play.google.com/store/apps/developer?id=Appstar+cricket+Entertainment,3.8,267,41,15,39,41,131
Live Net TV SPORTS,Sports,Live Net Tv Sports,https://play.google.com/store/apps/developer?id=Live+Net+Tv+Sports,4.7,58,2,1,3,3,49
Sonam Kapoor Weds Anand Ahuja Wedding Game,Casual,Increase Mind Games,https://play.google.com/store/apps/developer?id=Increase+Mind+Games,4.5,60,3,3,3,3,48
Cricinformer(Tips for Dream11),Sports,Braj and Geeta INC.,https://play.google.com/store/apps/developer?id=Braj+and+Geeta+INC.,4.6,960,42,8,49,109,752
Extreme Balancer 3,Adventure,Enteriosoft,https://play.google.com/store/apps/dev?id=8827829994088552831,4.5,133,8,2,9,14,100
Sky Sports Live,Productivity,Sky UK Limited   .,https://play.google.com/store/apps/developer?id=Sky+UK+Limited+++.,2.6,22,13,0,0,0,9
Offroad Tuk Tuk Driving Simulator Free,Simulation,Racing Games Android,https://play.google.com/store/apps/developer?id=Racing+Games+Android,4.7,71,1,2,4,3,61
Cold Blooded Sniper Shooting,Action,RAY3D,https://play.google.com/store/apps/developer?id=RAY3D,4.2,192,20,6,17,20,129
Blood Test Doctor Hospital 2 : Injection Simulator,Educational,Happy Baby Games - Free Preschool Educational Apps,https://play.google.com/store/apps/dev?id=8042760936213298182,4.5,31,3,0,1,3,24
PDF reader,Productivity,"Tool Apps (music, video, recorder)","https://play.google.com/store/apps/developer?id=Tool+Apps+%28music,+video,+recorder%29",4.4,405,25,4,35,70,271
My First Love Kiss Story - Cute Love Affair Game,Casual,GameiMake,https://play.google.com/store/apps/developer?id=GameiMake,4,33,4,0,7,4,18
Superhero Wrestling Tag Team Ring Fighting Arena,Simulation,Alpha Games Studios: 3D Action Simulation,https://play.google.com/store/apps/developer?id=Alpha+Games+Studios:+3D+Action+Simulation,4.6,49,2,0,4,5,38
Indian Royal Wedding Ritual Fashion Salon,Casual,D2 Toons,https://play.google.com/store/apps/developer?id=D2+Toons,4.6,31,1,1,2,1,26
Mandrake Town,Simulation,"Supertree Co., Ltd.",https://play.google.com/store/apps/dev?id=8096848405177240127,4.1,1269,118,62,104,217,768
City Bus Simulator 2018: Real Coach Bus Driving,Simulation,MAD Extreme Viral 3D Games Free,https://play.google.com/store/apps/developer?id=MAD+Extreme+Viral+3D+Games+Free,4.4,69,6,2,1,7,53
Bendy Tracks,Racing,Tap Tap Games - Huuuge,https://play.google.com/store/apps/dev?id=8478335903866170260,4.2,268,28,12,19,19,190
Real Guitar Music,Music & Audio,Tool Apps Inc.,https://play.google.com/store/apps/developer?id=Tool+Apps+Inc.,3.7,63,15,3,5,3,37
Guide For Tekken 3 Fighting,Arcade,Cribes,https://play.google.com/store/apps/developer?id=Cribes,4.1,17,3,1,0,1,12
Princess Sofia Cleaning Home,Casual,BayaoSTD,https://play.google.com/store/apps/developer?id=BayaoSTD,4.4,37,3,1,2,2,29
Multi Floor Garage Driver,Racing,Play With Games,https://play.google.com/store/apps/developer?id=Play+With+Games,4.6,146,6,2,12,10,116
Live Sony IPL TV: Cricket TV Channels guide,Books & Reference,Ashir PBVR,https://play.google.com/store/apps/developer?id=Ashir+PBVR,4.4,25,1,0,4,2,18
Motu Racing Bike Game,Racing,appsshore,https://play.google.com/store/apps/developer?id=appsshore,4.2,17,3,0,0,1,13
Flight Simulator 3D: Airplane Pilot,Simulation,Tap - Free Games,https://play.google.com/store/apps/developer?id=Tap+-+Free+Games,4.3,83,7,2,5,11,58
4 Liker,Social,Dreamz Tech,https://play.google.com/store/apps/developer?id=Dreamz+Tech,4.3,57,5,2,5,6,39
"Tamil Timepass | Tamil Memes, Videos & Photos",Entertainment,Bhelpuri Apps,https://play.google.com/store/apps/developer?id=Bhelpuri+Apps,4.8,53,1,0,1,5,46
Neighbor,Simulation,Oppana Games,https://play.google.com/store/apps/developer?id=Oppana+Games,4.2,1561,202,49,104,142,1064
Gangster New Crime Mafia Vegas City,Action,Swat Action Games,https://play.google.com/store/apps/developer?id=Swat+Action+Games,4,140,26,5,9,9,91
Offroad US Army Vehicle Driving,Simulation,Zee Vision Games,https://play.google.com/store/apps/developer?id=Zee+Vision+Games,4.3,31,3,2,2,1,23
Voice Translator:All Languages,Tools,JP Brother's Studio,https://play.google.com/store/apps/developer?id=JP+Brother%27s+Studio,4.3,65,5,1,6,13,40
Dream Doll Boutique - Make & Design,Casual,Kiwi Go,https://play.google.com/store/apps/developer?id=Kiwi+Go,4.5,219,12,6,13,21,167
MadLipz Funny video 2018,Video Players & Editors,Eddy active d√©veloppeur,https://play.google.com/store/apps/developer?id=Eddy+active+d%C3%A9veloppeur,3.8,117,22,6,11,13,65
Aaj ki Taja Khabar : Latest Hindi News India App,News & Magazines,24 NEWSHUNT,https://play.google.com/store/apps/developer?id=24+NEWSHUNT,5,5,0,0,0,0,5
Zee Tv Channel,Entertainment,Creative BD Software,https://play.google.com/store/apps/developer?id=Creative+BD+Software,4.9,11,0,0,0,1,10
Truck Driving Games 2018:Indian Cargo Truck Driver,Simulation,MAD Extreme Viral 3D Games Free,https://play.google.com/store/apps/developer?id=MAD+Extreme+Viral+3D+Games+Free,4.8,13,0,0,1,0,12
Bismillah Photo Frames,Photography,One key,https://play.google.com/store/apps/dev?id=7573930957262121262,4.6,66,2,0,5,11,48
Video Status For Whatsapp,Entertainment,DarkLines Apps,https://play.google.com/store/apps/developer?id=DarkLines+Apps,3.6,8,2,0,1,1,4
Scorpio Car Racing Simulator,Simulation,Nit'X  Games,https://play.google.com/store/apps/developer?id=Nit%27X++Games,4.4,57,6,1,1,7,42
Movie Downloader Torrent,Entertainment,Codexial Technology,https://play.google.com/store/apps/developer?id=Codexial+Technology,4.4,81,9,0,3,9,60
City Pipeline Construction: Plumber work,Simulation,Sablo Games,https://play.google.com/store/apps/developer?id=Sablo+Games,4.3,34,4,1,1,2,26
Snow Storm Moto Avalanche: Mountain Bike Climbing,Racing,Great Games Studio,https://play.google.com/store/apps/developer?id=Great+Games+Studio,4.4,29,3,0,2,2,22
Connect me Internet - Free WiFi Hotspot Portable,Communication,MobileDevGroup,https://play.google.com/store/apps/developer?id=MobileDevGroup,4.5,185,13,4,11,15,142
Flipkart Lite App,Shopping,Lite Appz Developer,https://play.google.com/store/apps/developer?id=Lite+Appz+Developer,4.3,36,5,1,1,1,28
Video downloader for WhatsApp,Photography,DoMobile Lab,https://play.google.com/store/apps/dev?id=8013309201265156122,4.6,24,1,0,1,3,19
How to find vehicle owner by number plate,Auto & Vehicles,vamsikrishna122101,https://play.google.com/store/apps/developer?id=vamsikrishna122101,4.7,63,2,0,3,6,52
Maiam Whistle,Social,Interaction One,https://play.google.com/store/apps/developer?id=Interaction+One,4.9,3131,52,11,34,149,2885
Superhero Captain Robot Flying Newyork City War,Action,Superheroz Action,https://play.google.com/store/apps/developer?id=Superheroz+Action,4.3,429,54,7,23,35,310
Stickman Hunter,Action,Flyz You,https://play.google.com/store/apps/developer?id=Flyz+You,4.5,11,1,0,0,1,9
Ludo,Board,Game Studio Lab,https://play.google.com/store/apps/developer?id=Game+Studio+Lab,4.1,91,10,1,14,9,57
Maharashtra Website Directory : ‡§â‡§™‡§Ø‡•Å‡§ï‡•ç‡§§ ‡§∏‡§Ç‡§ï‡•á‡§§‡§∏‡•ç‡§•‡§≥‡•á,Social,Onyx Labs,https://play.google.com/store/apps/dev?id=6989725972739045327,4.7,19,0,0,1,4,14
Baaghi 2 Full Movie 2018 in HD - Tiger Shroff,Entertainment,App X24,https://play.google.com/store/apps/developer?id=App+X24,4.5,12,1,0,0,2,9
Cookie Jam,Puzzle,Cookies Game,https://play.google.com/store/apps/developer?id=Cookies+Game,5,1,0,0,0,0,1
Pradhan Mantri Awas Yojana 2018,House & Home,Godson Technology,https://play.google.com/store/apps/developer?id=Godson+Technology,3.9,10,2,0,1,1,6
Printer Scanner & Photocopier Learning Simulator,Educational,Good Kids Studio,https://play.google.com/store/apps/developer?id=Good+Kids+Studio,4.4,88,10,2,3,5,68
Archer Deer Hunter Free,Action,CoveTech Games,https://play.google.com/store/apps/developer?id=CoveTech+Games,3.8,53,11,0,5,9,28
Chat & Meet New People - Travel App,Social,Glynk,https://play.google.com/store/apps/developer?id=Glynk,4.8,229,2,2,6,25,194
3D Red Flaming Fire Keyboard,Personalization,Real 3D Keyboard Theme,https://play.google.com/store/apps/developer?id=Real+3D+Keyboard+Theme,4.8,422,6,1,16,44,355
Offroad Prado Car Driver Fortuner Racing Simulator,Simulation,Zaptim Games Free Fun & Action & Simulation Apps,https://play.google.com/store/apps/developer?id=Zaptim+Games+Free+Fun+%26+Action+%26+Simulation+Apps,4.6,54,2,0,4,5,43
Love Lover Balls,Puzzle,Free Brain Games 2018,https://play.google.com/store/apps/developer?id=Free+Brain+Games+2018,4.1,30,5,0,2,3,20
Free Tamil Movies Online,Entertainment,vvigox,https://play.google.com/store/apps/developer?id=vvigox,3.6,20,5,0,3,2,10
How to Forward Someone Call to Our Phone,Books & Reference,Appshop Inc.,https://play.google.com/store/apps/developer?id=Appshop+Inc.,4.4,17,1,1,1,1,13
Barber Shop Beard Salon & Hair Cutting Games,Simulation,Appricot Studio - 2D Games,https://play.google.com/store/apps/dev?id=8557704091339578193,4,47,9,1,2,4,31
Free youtube music-mp3 player online,Music & Audio,Yams Developer,https://play.google.com/store/apps/developer?id=Yams+Developer,4.6,43,3,0,2,0,38
Bhunaksha CG,Tools,NIC eGov Mobile Apps,https://play.google.com/store/apps/dev?id=9076108670215860604,4.2,18,1,0,4,2,11
Head Ball 2,Sports,Masomo Gaming,https://play.google.com/store/apps/developer?id=Masomo+Gaming,4.2,94750,14053,2008,3637,6196,68856
Slow Motion Video Maker,Video Players & Editors,Tool Apps Inc.,https://play.google.com/store/apps/developer?id=Tool+Apps+Inc.,3.9,30,6,1,2,1,20
Competitive Reasoning Verbal & Non-Verbal [HINDI],Education,VeeKeey Soft Technologies Pvt.Ltd,https://play.google.com/store/apps/dev?id=4771499715604927032,4.4,23,1,0,2,5,15
Find Lost Phone : Tracke My Lost Phone,Tools,Manya App Studio,https://play.google.com/store/apps/developer?id=Manya+App+Studio,4.7,7,0,0,1,0,6
Neverthink: The TV of the Internet,Entertainment,Neverthink,https://play.google.com/store/apps/developer?id=Neverthink,4.2,146,15,5,11,16,99
"Live Train Location, PNR Status : Indian Rail Info",Productivity,Smile HD Studio,https://play.google.com/store/apps/developer?id=Smile+HD+Studio,3.7,6,2,0,0,0,4
Sports Cars Racing: Chasing Cars on Miami Beach,Racing,Tiny Lab Games,https://play.google.com/store/apps/dev?id=5276432544756442683,4.7,165,4,3,4,14,140
Royal Baby Run - Get That Baby,Arcade,Megus Games,https://play.google.com/store/apps/developer?id=Megus+Games,4.6,34,1,0,4,3,26
Barber Shop Hair Salon Cut Hair Cutting Games 3D,Simulation,Appatrix Games,https://play.google.com/store/apps/dev?id=5717648398602498402,3.5,889,271,27,56,68,467
Elite SWAT - counter terrorist game,Arcade,JOYNOWSTUDIO,https://play.google.com/store/apps/developer?id=JOYNOWSTUDIO,4.5,7940,396,116,431,987,6010
Aadhar Card Online,Tools,Saumya Patel,https://play.google.com/store/apps/dev?id=5895641466624301349,2.5,2,1,0,0,1,0
Whats Web for Whatscan,Tools,Tools And Utility Developer,https://play.google.com/store/apps/developer?id=Tools+And+Utility+Developer,4.8,18,1,0,0,0,17
US Army Cadets Training Game,Simulation,Game Sonics Inc,https://play.google.com/store/apps/dev?id=8570829073560324764,4.4,33,3,0,3,3,24
Robot Unicorn Bike Transform Battleground Royale,Action,Warm Milk Productions,https://play.google.com/store/apps/developer?id=Warm+Milk+Productions,4.6,10,1,0,0,0,9
Dino War,Strategy,KingsGroup Holdings,https://play.google.com/store/apps/developer?id=KingsGroup+Holdings,4,14111,2235,544,981,1173,9178
Critical Counter Night Army Frontline Shooter,Strategy,Tag Action Games,https://play.google.com/store/apps/dev?id=5424941405051437978,4.3,159,20,1,10,16,112
Desi video HD,Entertainment,MayMe,https://play.google.com/store/apps/developer?id=MayMe,4.1,47,3,3,7,6,28
Viking Heroes War,Strategy,Lab Cave Games,https://play.google.com/store/apps/dev?id=5425858462510307651,4.4,108,9,5,4,9,81
Beach Head War,Action,Animal Hunter Simulation 3D,https://play.google.com/store/apps/developer?id=Animal+Hunter+Simulation+3D,4.3,22,4,0,0,0,18
Car Parking Driver 3D,Simulation,Racing Games Android,https://play.google.com/store/apps/developer?id=Racing+Games+Android,4.1,22,3,0,3,2,14
My Little Pet Shop Cash Register Cashier Games,Casual,Crazy Games Lab,https://play.google.com/store/apps/dev?id=7174351842942600674,4.8,19,0,0,0,3,16
Euro Truck Driving Sim 2018 3D,Simulation,Best Free Games.,https://play.google.com/store/apps/developer?id=Best+Free+Games.,4.4,56,3,1,7,6,39
DSLR Camera: Portrait Mode Camera,Photography,Hello App Studio,https://play.google.com/store/apps/developer?id=Hello+App+Studio,4.5,30,3,0,0,4,23
Ramboat 2 - The metal soldier shooting game,Action,Genera Games,https://play.google.com/store/apps/dev?id=7309208351846755609,4.6,939,41,12,40,140,706
Retouch Tool - Photo Retouch Editor,Photography,Mozistar,https://play.google.com/store/apps/developer?id=Mozistar,4.6,34,2,1,1,1,29
Snakes and Ladders,Board,Appindia Technologies,https://play.google.com/store/apps/dev?id=5413790841388155219,4.1,16,1,1,3,2,9
Peace TV Network,Entertainment,Vision 247,https://play.google.com/store/apps/developer?id=Vision+247,5,131,0,0,0,1,130
Pocket TV Mini - Live TV | Movies | Music,Entertainment,Pocket TV Global LLC,https://play.google.com/store/apps/dev?id=5959813584450606872,4.4,65,4,1,5,7,48
Couple Selfie Camera - Tradition Photo Suits,Photography,Pixel Force Pvt Ltd,https://play.google.com/store/apps/developer?id=Pixel+Force+Pvt+Ltd,4.7,38,1,1,1,4,31
Love Caller ID Full Screen - Valentine Caller,Tools,Creative Tech Team,https://play.google.com/store/apps/developer?id=Creative+Tech+Team,4.6,14,0,0,2,2,10
Video downloader-Free All video download,Video Players & Editors,Weather Forecast Radar Channel,https://play.google.com/store/apps/developer?id=Weather+Forecast+Radar+Channel,3.9,42,4,1,13,3,21
Fake GPS Joystick - Mock GPS Location,Tools,SpiceArt,https://play.google.com/store/apps/developer?id=SpiceArt,4.1,112,12,3,15,14,68
Kong rush - banana run,Arcade,Nova Game Lab,https://play.google.com/store/apps/developer?id=Nova+Game+Lab,4.5,26,1,1,1,3,20
Pocket Fairies,Strategy,Huifeng Yu,https://play.google.com/store/apps/developer?id=Huifeng+Yu,4.7,249,8,3,7,18,213
Real Virtual Family Working Mother Game 2018,Simulation,High Flame Studios,https://play.google.com/store/apps/developer?id=High+Flame+Studios,4.1,22,3,1,1,3,14
US Army Missile Truck Transport Cruise Ship Games,Simulation,White Sand - 3D Games Studio,https://play.google.com/store/apps/dev?id=6997325743603268469,4.1,13,2,1,0,1,9
Car Multi Parking,Simulation,Gaming World Inc.,https://play.google.com/store/apps/dev?id=5367497935076945448,4.5,68,5,3,1,0,59
Army Anti-Terrorism Sniper Strike - SWAT Shooter,Action,Thunderstorm Studio - Free Fun Games,https://play.google.com/store/apps/developer?id=Thunderstorm+Studio+-+Free+Fun+Games,4.3,135,8,5,15,11,96
Video Song Status - 30 Seconds Lyrical Videos,Entertainment,Hello App Studio,https://play.google.com/store/apps/developer?id=Hello+App+Studio,4.8,20,0,0,1,2,17
Car And Furious - Crash Car,Arcade,ZokoGame,https://play.google.com/store/apps/developer?id=ZokoGame,4.3,20,2,0,1,3,14
Army Anti-Terrorism Sniper Strike - SWAT Shooter,Action,Thunderstorm Studio - Free Fun Games,https://play.google.com/store/apps/developer?id=Thunderstorm+Studio+-+Free+Fun+Games,4.3,135,8,5,15,11,96
DSLR Camera: Portrait Mode Camera,Photography,Hello App Studio,https://play.google.com/store/apps/developer?id=Hello+App+Studio,4.5,30,3,0,0,4,23
HD Free Movies,Entertainment,vvigox,https://play.google.com/store/apps/developer?id=vvigox,3.8,43,9,1,2,7,24
Ludo,Board,Hadiware,https://play.google.com/store/apps/developer?id=Hadiware,4.9,32,0,0,2,0,30
Bandbudh aur Budbak,Entertainment,Vandana Kurnani,https://play.google.com/store/apps/developer?id=Vandana+Kurnani,4.8,113,3,0,0,5,105
Contacts Backup - Contact Transfer & Recovery,Tools,"Background Changer, Eraser & Booth Photo Editor","https://play.google.com/store/apps/developer?id=Background+Changer,+Eraser+%26+Booth+Photo+Editor",4.3,21,2,0,2,3,14
WebCloner n Scanner,Tools,John Piter,https://play.google.com/store/apps/developer?id=John+Piter,4.3,92,5,1,14,17,55
Ripple Block Chain Keyboard,Personalization,2018 Supernova Keyboard Theme,https://play.google.com/store/apps/developer?id=2018+Supernova+Keyboard+Theme,4.6,470,6,3,34,64,363
Off Road Monster Truck : Ford Raptor Xtreme Racing,Racing,EDGE GAMING STUDIO,https://play.google.com/store/apps/dev?id=7544410574106778247,4.8,37,0,1,1,2,33
Coloring Pages - create unlimited coloring pages,Entertainment,Jasmyn Mobile Studios,https://play.google.com/store/apps/developer?id=Jasmyn+Mobile+Studios,4.1,7,1,0,1,0,5
Transforming Revengers Robot,Simulation,TAG Robots Simulation Games,https://play.google.com/store/apps/developer?id=TAG+Robots+Simulation+Games,4.3,72,7,3,4,6,52
US Sniper Front Survival Attack 3D,Action,IBM Games,https://play.google.com/store/apps/developer?id=IBM+Games,3.9,36,6,2,4,1,23
New KineMaster video editor tips,Books & Reference,android game face,https://play.google.com/store/apps/developer?id=android+game+face,3.7,118,24,4,15,10,65
"Private contest and Tips - Dream11, Halaplay",Events,Diva Raina,https://play.google.com/store/apps/developer?id=Diva+Raina,4.8,20,0,0,1,1,18
Mission IGI 2 - US Army FPS Commando Hijack Rescue,Action,The New Games,https://play.google.com/store/apps/dev?id=4825759589373417834,4.4,144,14,2,7,11,110
US Army Transport Game: Military Cargo Plane Games,Simulation,BrilliantLogic Games,https://play.google.com/store/apps/developer?id=BrilliantLogic+Games,4.7,33,0,1,2,3,27
GPS Route Finder & Transit: Maps Navigation Live,Maps & Navigation,Mindsol Maps & Navigation - GPS Route Finder,https://play.google.com/store/apps/developer?id=Mindsol+Maps+%26+Navigation+-+GPS+Route+Finder,4.5,105,7,1,3,18,76
Stock Car Racing 2018,Racing,Tap - Free Games,https://play.google.com/store/apps/developer?id=Tap+-+Free+Games,4.2,158,17,4,12,16,109
Facebook Local,Social,Facebook,https://play.google.com/store/apps/developer?id=Facebook,4.1,2120,249,89,164,279,1339
DSLR Camera Effect - Blur Image Background,Photography,Retro App Club,https://play.google.com/store/apps/developer?id=Retro+App+Club,3.9,60,11,1,8,5,35
Channel List for Jio TV & Reliance Digital TV,Entertainment,go100mobileapps,https://play.google.com/store/apps/developer?id=go100mobileapps,5,23,0,0,0,1,22
Offroad Cargo Truck Drive Simulator 2018,Simulation,Curvee Tech,https://play.google.com/store/apps/developer?id=Curvee+Tech,4.4,62,5,0,6,7,44
Super Spider Shooting Battle - Hero vs Gangsters,Action,2K18 games,https://play.google.com/store/apps/developer?id=2K18+games,4.5,73,4,3,2,7,57
Sports Car Parking,Simulation,Racing Games Android,https://play.google.com/store/apps/developer?id=Racing+Games+Android,4.4,18,1,1,2,0,14
Yowhats plus 2018,Books & Reference,com.dev.app,https://play.google.com/store/apps/developer?id=com.dev.app,4.4,92,9,2,3,9,69
Offroad Driving Adventure : Jeep Stunt 2018,Simulation,Model Games Studio,https://play.google.com/store/apps/dev?id=5542963294365993079,4.7,33,1,1,0,3,28
Music App Download,Music & Audio,Royal Graphics Games,https://play.google.com/store/apps/developer?id=Royal+Graphics+Games,4.6,10,1,0,0,0,9
Block Puzzle Jewel,Puzzle,Leaf Cottage,https://play.google.com/store/apps/developer?id=Leaf+Cottage,4.8,12,0,0,0,2,10
Birthday Video Maker,Video Players & Editors,Creative App Solution,https://play.google.com/store/apps/developer?id=Creative+App+Solution,4.9,55,0,0,0,5,50
Brain Box On Physics Truck,Puzzle,Game Mobi Plus,https://play.google.com/store/apps/developer?id=Game+Mobi+Plus,4.2,384,41,12,33,43,255
DNP Telugu - Daily Current Affairs,News & Magazines,MKAB Labs - Pawan,https://play.google.com/store/apps/developer?id=MKAB+Labs+-+Pawan,4.6,28,1,0,0,6,21
Beauty Camera - Best Selfie Camera & Photo Editor,Photography,KXAppCenter.Inc.,https://play.google.com/store/apps/developer?id=KXAppCenter.Inc.,4.7,115,2,0,5,19,89
Emulator for SNES - Arcade Classic Games,Arcade,H2 Coop,https://play.google.com/store/apps/developer?id=H2+Coop,4.6,774,27,10,31,88,618
AppLock - Emoji Theme,Tools,SailingLab,https://play.google.com/store/apps/developer?id=SailingLab,4.7,33,1,0,2,2,28
TN SSLC Result,Tools,NIC eGov Mobile Apps,https://play.google.com/store/apps/dev?id=9076108670215860604,4.9,31,0,0,1,1,29
"Aadhar Card Update, Download, Status",Tools,Khabari Appz,https://play.google.com/store/apps/developer?id=Khabari+Appz,3.7,24,6,1,2,1,14
"Multi Robot Transform Police Dog, Tiger & Wildcat",Action,Kick Time Studios,https://play.google.com/store/apps/dev?id=7928658162170743765,4.7,12,1,0,0,0,11
Deadly Dinosaur Hunter Deadly Dino Hunter Shores,Simulation,Big Bites Games,https://play.google.com/store/apps/developer?id=Big+Bites+Games,4.6,34,1,0,4,3,26
Excavator Simulator Backhoe Loader Dozer Game,Simulation,TKS Games,https://play.google.com/store/apps/dev?id=4847555176941284705,4.5,109,6,3,7,11,82
New Video Status,Entertainment,VS Solution,https://play.google.com/store/apps/developer?id=VS+Solution,5,6,0,0,0,0,6
Fenomenya,Tools,hkngrpp,https://play.google.com/store/apps/developer?id=hkngrpp,3.4,76,28,1,1,2,44
Mermaid Secrets13-Secret Admirer,Role Playing,"JoyPlus Technology Co., Ltd.","https://play.google.com/store/apps/developer?id=JoyPlus+Technology+Co.,+Ltd.",4.7,1188,32,9,38,75,1034
MP3 audio song download-Songs download app free,Music & Audio,Grape App Infotech,https://play.google.com/store/apps/developer?id=Grape+App+Infotech,4.5,11,0,1,0,3,7
XX video player-HD video player,Video Players & Editors,Fig Studio,https://play.google.com/store/apps/developer?id=Fig+Studio,4.5,13,1,0,1,1,10
Daily Fuel Price - Daily Petrol Diesel Price India,Tools,Most Useful Apps For Android,https://play.google.com/store/apps/developer?id=Most+Useful+Apps+For+Android,4.3,28,3,0,2,4,19
Whats Tracker -  Who Visit my Whatsapp Profile,Entertainment,WJDHEFC,https://play.google.com/store/apps/developer?id=WJDHEFC,3.2,22,9,0,1,2,10
Name & Photo Art Editor,Photography,Visu Entertainment,https://play.google.com/store/apps/developer?id=Visu+Entertainment,4.3,17,0,1,4,1,11
