"Weather - unlimited & realtime weather forecast","Weather","Best App - Top Droid Team","https://play.google.com/store/apps/developer?id=Best+App+-+Top+Droid+Team","4.7","2357","39","20","59","290","1949"
"Navigation Gestures Premium Add-On","Personalization","XDA","https://play.google.com/store/apps/developer?id=XDA","4.1","126","6","7","14","39","60"
"Message Quest ‚Äî adventures of Feste (with ads)","Adventure","TeslaGames","https://play.google.com/store/apps/dev?id=7185759132943310350","4.3","60","7","1","4","4","44"
"I AM RICH","Tools","Johnson App's","https://play.google.com/store/apps/developer?id=Johnson+App%27s","4.5","215","22","2","4","2","185"
"[Substratum] Twilight Night Black","Personalization","Alice Project","https://play.google.com/store/apps/dev?id=6547192532146692983","3.8","105","25","0","8","13","59"
"KPSS Sen Bilirsin RAMAZAN YETGƒ∞N","Education","BENƒ∞M HOCAM Dƒ∞Jƒ∞TAL YAYƒ∞N","https://play.google.com/store/apps/developer?id=BEN%C4%B0M+HOCAM+D%C4%B0J%C4%B0TAL+YAY%C4%B0N","4.8","233","4","0","6","14","209"
"Animal Super Squad","Adventure","DoubleMoose Games","https://play.google.com/store/apps/developer?id=DoubleMoose+Games","4.7","186","4","3","7","8","164"
"Irex - Icon Pack","Personalization","Olivera Onias","https://play.google.com/store/apps/dev?id=8582752175205301328","4.3","10","0","1","2","0","7"
"Getting Over It with Bennett Foddy","Simulation","Noodlecake Studios Inc","https://play.google.com/store/apps/dev?id=9078867188205035581","4.1","247","33","8","16","29","161"
"Homo Machina","Puzzle","ARTE Experience","https://play.google.com/store/apps/developer?id=ARTE+Experience","4.1","92","8","6","7","20","51"
"My Little Princess : Fairy Forest","Educational","My Town Games Ltd","https://play.google.com/store/apps/dev?id=4907572025980617983","4.4","14","2","0","0","1","11"
"My Town : ICEE‚Ñ¢ Amusement Park","Educational","My Town Games Ltd","https://play.google.com/store/apps/dev?id=4907572025980617983","4.8","92","3","1","2","4","82"
"Ultimate Farm Simulator","Simulation","Gluten Free Games","https://play.google.com/store/apps/dev?id=6871437821234630609","4.5","36","1","0","3","8","24"
"OnePlus Gestures ‚Äî Gesture Control","Tools","Manuel Wrage","https://play.google.com/store/apps/developer?id=Manuel+Wrage","4.6","59","2","2","1","8","46"
"WonderBlocks","Puzzle","Silicon Studio","https://play.google.com/store/apps/developer?id=Silicon+Studio","4.9","403","3","0","3","15","382"
"Connect - colorful casual game","Casual","AppSoGreat","https://play.google.com/store/apps/developer?id=AppSoGreat","4.4","27","1","1","2","6","17"
"Sago Mini Apartment","Education","Sago Mini","https://play.google.com/store/apps/dev?id=6600704821286067966","4.2","17","1","1","2","3","10"
"Package Disabler Pro + (Samsung)","Business","policedeveloper","https://play.google.com/store/apps/developer?id=policedeveloper","4.4","10","1","0","1","0","8"
"Macibo - Icon Pack","Personalization","A1 Design","https://play.google.com/store/apps/dev?id=8878636829882194092","3.7","9","2","0","0","4","3"
"App lock & gallery vault","Tools","Best App - Top Droid Team","https://play.google.com/store/apps/developer?id=Best+App+-+Top+Droid+Team","4.6","113","6","0","6","11","90"
"EO Guide","Health & Fitness","Synceed GmbH","https://play.google.com/store/apps/developer?id=Synceed+GmbH","5.0","2","0","0","0","0","2"
"Bemmer - Icon Pack","Personalization","A1 Design","https://play.google.com/store/apps/dev?id=8878636829882194092","4.3","10","1","0","0","3","6"
"Linebit - Icon Pack","Personalization","Edzon DM","https://play.google.com/store/apps/dev?id=8091370783080636082","4.5","76","2","3","6","12","53"
"–§–µ–ª—å–¥—à–µ—Ä –°–ú–ü","Medical","–ú–æ—Å–∫–æ–≤—Å–∫–∏–π —Ñ–µ–ª—å–¥—à–µ—Ä","https://play.google.com/store/apps/developer?id=%D0%9C%D0%BE%D1%81%D0%BA%D0%BE%D0%B2%D1%81%D0%BA%D0%B8%D0%B9+%D1%84%D0%B5%D0%BB%D1%8C%D0%B4%D1%88%D0%B5%D1%80","5.0","24","0","0","0","0","24"
"Minesweeper Genius","Puzzle","mgaia studio","https://play.google.com/store/apps/developer?id=mgaia+studio","4.9","24","0","0","1","0","23"
"ForzaTune 7","Tools","FlameFront Studios","https://play.google.com/store/apps/developer?id=FlameFront+Studios","4.4","27","0","2","4","3","18"
"R.B.I. Baseball 18","Sports","MLB Advanced Media, L.P.","https://play.google.com/store/apps/developer?id=MLB+Advanced+Media,+L.P.","4.1","70","6","3","6","15","40"
"SafeLiveAlert - Sin anuncios","Communication","SafeLiveAlertMX","https://play.google.com/store/apps/developer?id=SafeLiveAlertMX","2.8","25","10","3","1","3","8"
"Infinity war pelicula","Video Players & Editors","ARTAMY","https://play.google.com/store/apps/developer?id=ARTAMY","4.2","11","0","1","0","6","4"
"BitMEX PRO","Finance","Cryptocurrency Company Apps","https://play.google.com/store/apps/developer?id=Cryptocurrency+Company+Apps","3.6","5","1","0","1","1","2"
"Tubazy PRO - MP3 D√∂n√º≈üt√ºr√ºc√º","Music & Audio","Tuba K.","https://play.google.com/store/apps/developer?id=Tuba+K.","4.9","44","0","0","1","1","42"
"Popsicle / Icon Pack","Personalization","Fraom Design","https://play.google.com/store/apps/dev?id=7733182206189114237","4.9","15","0","0","0","1","14"
"üîù AMOLED 4K Black Wallpapers , Dark Backgrounds","Photography","Motion Wallpapers","https://play.google.com/store/apps/dev?id=5005220843709800158","3.4","5","2","0","0","0","3"
"Netomoji","Entertainment","FanHero","https://play.google.com/store/apps/developer?id=FanHero","4.5","97","1","7","5","9","75"
"Unicorn VPN Pro - Faster Stable VPN","Tools","HK 8qu Network International Limited","https://play.google.com/store/apps/developer?id=HK+8qu+Network+International+Limited","4.3","11","2","0","0","0","9"
"Buried Alive","Puzzle","Trapped","https://play.google.com/store/apps/dev?id=9078315394529202806","4.2","8","0","1","1","1","5"
"My Child Lebensborn","Simulation","Sarepta Studio","https://play.google.com/store/apps/developer?id=Sarepta+Studio","5.0","59","0","0","0","2","57"
"TicketAlert 2018 Football Cup","Sports","Pixelgraf√≠a","https://play.google.com/store/apps/dev?id=8699058061429201995","2.9","10","4","0","2","1","3"
"supertype","Casual","Philipp Stollenmayer","https://play.google.com/store/apps/developer?id=Philipp+Stollenmayer","4.3","16","2","0","1","1","12"
"–¢–µ—Å—Ç –≤ –î–µ—Ä–∂–±—é—Ä–æ —Ä–æ–∑—Å–ª—ñ–¥—É–≤–∞–Ω—å","Education","DILOGICAL","https://play.google.com/store/apps/developer?id=DILOGICAL","4.5","15","0","1","0","4","10"
"HamStudy.org","Education","Signal Stuff","https://play.google.com/store/apps/developer?id=Signal+Stuff","4.6","23","1","1","1","1","19"
"Ombi","Entertainment","TidusJar","https://play.google.com/store/apps/developer?id=TidusJar","4.2","11","0","1","3","0","7"
"My Singing Monsters Composer","Music","Big Blue Bubble","https://play.google.com/store/apps/dev?id=4772512400666501557","4.2","66","5","2","7","13","39"
"Camera 4K UHD","Photography","AKEL","https://play.google.com/store/apps/developer?id=AKEL","4.6","9","1","0","0","0","8"
"[Substratum] Vacuum: Dark on Oreo","Personalization","Alice Project","https://play.google.com/store/apps/dev?id=6547192532146692983","4.8","16","0","0","0","4","12"
"Among the Stars","Board","Cublo","https://play.google.com/store/apps/dev?id=6228750114519237134","4.2","14","0","1","1","6","6"
"Russian Car Driver  ZIL 130 Premium","Simulation","ABGames89","https://play.google.com/store/apps/dev?id=5952057666589164114","4.3","19","1","1","2","3","12"
"The School - White Day","Adventure","SONNORI","https://play.google.com/store/apps/developer?id=SONNORI","4.5","33","3","0","2","2","26"
"Î©îÎ™®ÎùºÏù¥Ï¶à #3 <MEMORIZE> : ÌòïÏ†ú","Simulation","Ï°∞ÏïÑÎùº","https://play.google.com/store/apps/developer?id=%EC%A1%B0%EC%95%84%EB%9D%BC","4.9","64","1","0","0","5","58"
"Ïò•Ï≤†Ïù¥ Î¥ÑÎπÑ Ïπ¥ÌÜ° ÌÖåÎßà","Entertainment","OGQ for theme","https://play.google.com/store/apps/developer?id=OGQ+for+theme","5.0","2","0","0","0","0","2"
"Pro Analiz","Sports","%100 Kazan√ß","https://play.google.com/store/apps/developer?id=%25100+Kazan%C3%A7","4.2","45","6","1","1","5","32"
"Shred! 2 - Freeride Mountain Biking","Sports","ASBO Interactive","https://play.google.com/store/apps/developer?id=ASBO+Interactive","5.0","21","0","0","0","1","20"
"Golden Eggs","Strategy","GOLDEN EGGS","https://play.google.com/store/apps/developer?id=GOLDEN+EGGS","3.7","25","2","1","5","11","6"
"Bet Prediction VIP","Sports","Domenico Campeglia","https://play.google.com/store/apps/developer?id=Domenico+Campeglia","4.7","22","1","0","1","1","19"
"Hiveswap Friendsim","Simulation","What Pumpkin Games, Inc.","https://play.google.com/store/apps/developer?id=What+Pumpkin+Games,+Inc.","4.6","29","2","1","0","2","24"
"Galatasaray Icon Pack","Personalization","TSN SOFT","https://play.google.com/store/apps/developer?id=TSN+SOFT","5.0","5","0","0","0","0","5"
"Funfair Ride Simulator 4","Simulation","Pixelsplit","https://play.google.com/store/apps/dev?id=6726214521466300746","3.8","52","8","2","9","8","25"
"[Substratum] Vacuum: Black on Oreo","Personalization","Alice Project","https://play.google.com/store/apps/dev?id=6547192532146692983","4.9","10","0","0","0","1","9"
"Material X Rio","Personalization","Shuvro","https://play.google.com/store/apps/dev?id=7000400013194198247","5.0","6","0","0","0","0","6"
"[Substratum] Twilight Night Dark","Personalization","Alice Project","https://play.google.com/store/apps/dev?id=6547192532146692983","4.6","12","0","0","2","1","9"
"XPERIA‚Ñ¢ Quadilic Theme","Personalization","Sony Mobile Communications","https://play.google.com/store/apps/dev?id=4851747018805076305","5.0","3","0","0","0","0","3"
"Mimber - Icon Pack","Personalization","A1 Design","https://play.google.com/store/apps/dev?id=8878636829882194092","4.1","7","1","0","0","2","4"
"IAM Yoga Nidra‚Ñ¢","Health & Fitness","Kamini Desai","https://play.google.com/store/apps/developer?id=Kamini+Desai","5.0","1","0","0","0","0","1"
"Fast Charger 5x - Dark","Tools","üîãüîå Fast charger & üîíüõ°Ô∏è Applock & üõ†Ô∏è Optimizer","https://play.google.com/store/apps/developer?id=%F0%9F%94%8B%F0%9F%94%8C+Fast+charger+%26+%F0%9F%94%92%F0%9F%9B%A1%EF%B8%8F+Applock+%26+%F0%9F%9B%A0%EF%B8%8F+Optimizer","1.0","2","2","0","0","0","0"
"Speed Cameras, HUD, Radar Detector - ContraCam Pro","Maps & Navigation","Dmitry Cherevko","https://play.google.com/store/apps/developer?id=Dmitry+Cherevko","4.5","6","0","0","1","1","4"
"Fine, I'll Quit","Productivity","App360 Apps","https://play.google.com/store/apps/developer?id=App360+Apps","3.4","7","2","1","0","0","4"
"Red Comrades 3","Adventure","BUKA Development","https://play.google.com/store/apps/dev?id=6605609795057640703","4.2","55","4","2","6","8","35"
"SHOWCASE UI for KLWP","Personalization","MARTIN DSOUZA","https://play.google.com/store/apps/dev?id=4823526762797878411","5.0","2","0","0","0","0","2"
"P-Home for KLWP","Personalization","Jordan X 'Jobe1785'","https://play.google.com/store/apps/dev?id=5418093975158074617","5.0","1","0","0","0","0","1"
"Black Magic Icon Pack","Personalization","DrumDestroyer Themes","https://play.google.com/store/apps/dev?id=4682932724915294631","4.6","49","1","1","5","4","38"
"Kevin Toms World Football Cup","Sports","Kevin Toms Ltd","https://play.google.com/store/apps/developer?id=Kevin+Toms+Ltd","5.0","5","0","0","0","0","5"
"The Injected Mixture","Personalization","Darryl Dillon","https://play.google.com/store/apps/developer?id=Darryl+Dillon","5.0","6","0","0","0","0","6"
"Í∏∞ÏñµÏùÑ ÎÖ∏ÎûòÌïòÎäî Ïù∏Ìòï","Simulation","ÏïÑÎãàÏä§ ÌÅ¨Î¶¨ÏóêÏù¥Ìã∞Î∏å","https://play.google.com/store/apps/developer?id=%EC%95%84%EB%8B%88%EC%8A%A4+%ED%81%AC%EB%A6%AC%EC%97%90%EC%9D%B4%ED%8B%B0%EB%B8%8C","4.8","9","0","0","1","0","8"
"To the Edge of the Sky - Premium","Casual","Aeon Dream Studios","https://play.google.com/store/apps/dev?id=8982799235103865411","5.0","5","0","0","0","0","5"
"Lost Horizon 2","Adventure","Animation Arts Creative GmbH","https://play.google.com/store/apps/developer?id=Animation+Arts+Creative+GmbH","3.5","8","1","0","2","4","1"
"Fover - Icon Pack","Personalization","A1 Design","https://play.google.com/store/apps/dev?id=8878636829882194092","3.7","6","2","0","0","0","4"
"Betology Major Odds VIP","Sports","Dream Logy","https://play.google.com/store/apps/developer?id=Dream+Logy","5.0","15","0","0","0","0","15"
"Vintage Knight watch","Lifestyle","Ram Mor","https://play.google.com/store/apps/developer?id=Ram+Mor","5.0","1","0","0","0","0","1"
"pretty Easy privacy p‚â°p","Communication","pEp Security S.A.","https://play.google.com/store/apps/developer?id=pEp+Security+S.A.","3.6","8","1","1","1","2","3"
"Son Kpss Test-Bulmaca Pro","Education","Adem Akta≈ü","https://play.google.com/store/apps/developer?id=Adem+Akta%C5%9F","5.0","4","0","0","0","0","4"
"Wonder Parade","Music","studioQuare","https://play.google.com/store/apps/developer?id=studioQuare","4.6","30","2","0","1","3","24"
"Benfo - Icon Pack","Personalization","A1 Design","https://play.google.com/store/apps/dev?id=8878636829882194092","4.0","5","1","0","0","1","3"
"Nobunaga's Shadow","Role Playing","Ultaan Games","https://play.google.com/store/apps/developer?id=Ultaan+Games","4.9","7","0","0","0","1","6"
"BOLT Icon Pack","Personalization","JustNewDesigns","https://play.google.com/store/apps/developer?id=JustNewDesigns","4.9","30","0","0","0","2","28"
"Android P | Xperia‚Ñ¢ Theme  4800+ icons","Personalization","The Gosa","https://play.google.com/store/apps/dev?id=8352484698901451873","5.0","2","0","0","0","0","2"
"Matura Ustna na 100% Premium","Education","VensusApps","https://play.google.com/store/apps/developer?id=VensusApps","3.3","9","2","1","1","2","3"
"Elegant Launcher Pro 2 - 2018 - Launcher Theme","Personalization","lwsoftipl Apps","https://play.google.com/store/apps/dev?id=8210788778811696574","4.3","23","0","1","4","5","13"
"Death Horizon VR","Action","Dream Dev Studio VR","https://play.google.com/store/apps/developer?id=Dream+Dev+Studio+VR","5.0","6","0","0","0","0","6"
"Music Player Pro","Music & Audio","Tool Apps (music, video, recorder)","https://play.google.com/store/apps/developer?id=Tool+Apps+%28music,+video,+recorder%29","4.5","11","0","0","2","2","7"
"Fantasy Mosaics 28: Treasure Map","Puzzle","Andy Jurko","https://play.google.com/store/apps/dev?id=6718763145733666817","5.0","3","0","0","0","0","3"
"Betnumbers","Sports","Total Apps World","https://play.google.com/store/apps/developer?id=Total+Apps+World","4.7","3","0","0","0","1","2"
"Mino - Icon Pack","Personalization","Santiago Sarquis L","https://play.google.com/store/apps/developer?id=Santiago+Sarquis+L","5.0","7","0","0","0","0","7"
"School Dungeons","Role Playing","Study&Fun","https://play.google.com/store/apps/developer?id=Study%26Fun","5.0","34","0","0","0","0","34"
"Elix - Icon Pack","Personalization","A1 Design","https://play.google.com/store/apps/dev?id=8878636829882194092","4.7","6","0","0","0","2","4"
"Slice Fractions 2","Education","Ululab","https://play.google.com/store/apps/developer?id=Ululab","5.0","2","0","0","0","0","2"
"EQQO","Adventure","Parallel Studio","https://play.google.com/store/apps/developer?id=Parallel+Studio","5.0","2","0","0","0","0","2"
"CoinMAMA PRO","Finance","Official Crypto Apps","https://play.google.com/store/apps/developer?id=Official+Crypto+Apps","3.8","6","1","1","0","0","4"
"Digital Force Bag","Entertainment","Craig Squires & Nick Einhorn","https://play.google.com/store/apps/developer?id=Craig+Squires+%26+Nick+Einhorn","5.0","2","0","0","0","0","2"
"Secret of Harrow Manor VR","Adventure","Only Human Studios","https://play.google.com/store/apps/developer?id=Only+Human+Studios","5.0","1","0","0","0","0","1"
"Intuitive Guitar - Major Scale Modes","Education","AmparoSoft","https://play.google.com/store/apps/dev?id=9142365525037433995","4.7","41","1","0","1","5","34"
"–°–ê–ú–û–°–ë–û–† ads-free","Adventure","ivd","https://play.google.com/store/apps/developer?id=ivd","5.0","5","0","0","0","0","5"
"Hearing Aid for Oreo 8.0","Medical","StereoMatch","https://play.google.com/store/apps/developer?id=StereoMatch","4.2","4","0","1","0","0","3"
"Silvery Blue Theme for LG G6& V30","Personalization","WSTeams","https://play.google.com/store/apps/developer?id=WSTeams","5.0","1","0","0","0","0","1"
"The Quest - Celtic Queen","Role Playing","Redshift Games","https://play.google.com/store/apps/developer?id=Redshift+Games","5.0","7","0","0","0","0","7"
"MZD Background Changer","Auto & Vehicles","Citt Tech","https://play.google.com/store/apps/developer?id=Citt+Tech","5.0","2","0","0","0","0","2"
"Answers For Mobshow","Education","Tech Explorer","https://play.google.com/store/apps/developer?id=Tech+Explorer","3.4","21","7","1","1","1","11"
"XPERIA Avengers Infinity War Theme","Personalization","KhandavPrastha","https://play.google.com/store/apps/developer?id=KhandavPrastha","4.5","6","0","1","0","0","5"
"Rallyslingan - tr√§na rallylydnad med fantasi","Sports","Lotta Bergman","https://play.google.com/store/apps/developer?id=Lotta+Bergman","5.0","2","0","0","0","0","2"
"Abyss and Dark #0 Ë≥¢Áéã„ÅÆÁõüÁ¥Ñ","Role Playing","AcodeBankJp","https://play.google.com/store/apps/developer?id=AcodeBankJp","4.4","7","0","0","1","2","4"
"Laborwerte Pro 5","Medical","Dr.M√ºller Steve","https://play.google.com/store/apps/developer?id=Dr.M%C3%BCller+Steve","5.0","6","0","0","0","0","6"
"Supporter Betting Tips HT FT","Sports","Verlonus Winner","https://play.google.com/store/apps/developer?id=Verlonus+Winner","5.0","4","0","0","0","0","4"
"Predictions Football Over Under","Sports","Systems Betting Academy","https://play.google.com/store/apps/developer?id=Systems+Betting+Academy","5.0","3","0","0","0","0","3"
"VBE PARATOOLZ","Tools","VBE INC.","https://play.google.com/store/apps/developer?id=VBE+INC.","5.0","2","0","0","0","0","2"
"Viktoria Light Substratum Theme [Samsung]","Personalization","Giorgio Cantoni (folgore95)","https://play.google.com/store/apps/dev?id=9158262775411291866","5.0","1","0","0","0","0","1"
"Linex - Icon Pack","Personalization","A1 Design","https://play.google.com/store/apps/dev?id=8878636829882194092","4.2","5","1","0","0","0","4"
"CI 174 Gray Icon Pack","Personalization","Coastal Images","https://play.google.com/store/apps/dev?id=5070356455691124088","5.0","1","0","0","0","0","1"
"RL KWGT & KLCK","Personalization","RL Designs","https://play.google.com/store/apps/dev?id=6151075582151109293","5.0","3","0","0","0","0","3"
"Camera Mod S9 - Bitrate & Settings [ROOT]","Tools","Sityware","https://play.google.com/store/apps/developer?id=Sityware","5.0","2","0","0","0","0","2"
"–û–ì–≠ 2018. –ê–Ω–≥–ª–∏–π—Å–∫–∏–π —è–∑—ã–∫  - –ï. –°–æ–ª–æ–≤–æ–≤–∞ PRO","Education","TITUL Publishers","https://play.google.com/store/apps/developer?id=TITUL+Publishers","4.5","2","0","0","0","1","1"
"Wheelie King 3D Premium","Racing","Kimble Games","https://play.google.com/store/apps/developer?id=Kimble+Games","5.0","41","0","0","0","0","41"
"Live Well with Young Living","Health & Fitness","JENessentials","https://play.google.com/store/apps/developer?id=JENessentials","5.0","21","0","0","0","0","21"
"Paul Ripke","Photography","Paul Ripke","https://play.google.com/store/apps/developer?id=Paul+Ripke","1.9","34","17","10","4","0","3"
"Omega - Icon Pack","Personalization","FL Design","https://play.google.com/store/apps/developer?id=FL+Design","5.0","3","0","0","0","0","3"
"Tiny Defense - Mini Robot Wars","Strategy","Picsoft Studios","https://play.google.com/store/apps/developer?id=Picsoft+Studios","4.9","10","0","0","0","1","9"
"Viking Village","Adventure","Limitless Fun, LLC","https://play.google.com/store/apps/developer?id=Limitless+Fun,+LLC","4.5","17","1","0","0","5","11"
"Dancing Line US - UK","Arcade","Sun Monkey","https://play.google.com/store/apps/dev?id=9154509758501767875","3.8","4","1","0","0","1","2"
"Apphealing","Health & Fitness","The First Principle, LLC","https://play.google.com/store/apps/developer?id=The+First+Principle,+LLC","5.0","10","0","0","0","0","10"
"pureSynth Pro","Music & Audio","VTRsoftware","https://play.google.com/store/apps/developer?id=VTRsoftware","5.0","3","0","0","0","0","3"
"Rubik‚Äôs Cube Augmented!","Adventure","MERGE","https://play.google.com/store/apps/developer?id=MERGE","5.0","1","0","0","0","0","1"
"Mixed Effect UI Kustom/Klwp","Personalization","Predator Haley‚Ñ¢","https://play.google.com/store/apps/dev?id=8791691560148189973","5.0","6","0","0","0","0","6"
"Trade in the Verse","Entertainment","Magnum Labs","https://play.google.com/store/apps/developer?id=Magnum+Labs","4.7","3","0","0","0","1","2"
"Your Call Recorder Pro","Tools","SKVFCHAT LLC","https://play.google.com/store/apps/developer?id=SKVFCHAT+LLC","4.2","194","21","6","12","25","130"
"FUNDAmentals Biyoloji / antiBƒ∞YOtik / TYT & AYT","Education","Fundamentals Biyoloji","https://play.google.com/store/apps/developer?id=Fundamentals+Biyoloji","5.0","1","0","0","0","0","1"
"Tattoo Stencil","Photography","Pony Lawson","https://play.google.com/store/apps/developer?id=Pony+Lawson","4.3","3","0","0","1","0","2"
"Rounded Corner Theme","Personalization","Indias Big head","https://play.google.com/store/apps/developer?id=Indias+Big+head","4.7","17","1","0","0","1","15"
"Kontrast","Puzzle","Zwartekoffie","https://play.google.com/store/apps/developer?id=Zwartekoffie","5.0","28","0","0","0","1","27"
"Firefight","Strategy","Sean O'Connor","https://play.google.com/store/apps/dev?id=5875330403581467051","3.7","11","2","0","1","4","4"
"NZ Topo Maps & Marine Charts - Hunting & Fishing","Maps & Navigation","Memory-Map Aus/NZ","https://play.google.com/store/apps/developer?id=Memory-Map+Aus/NZ","5.0","2","0","0","0","0","2"
"VBE EVP ENHANCER","Tools","VBE INC.","https://play.google.com/store/apps/developer?id=VBE+INC.","5.0","1","0","0","0","0","1"
"QR Code Generator Pro","Tools","OsmAndroid","https://play.google.com/store/apps/developer?id=OsmAndroid","5.0","4","0","0","0","0","4"
"P Icon Pack for Pixel","Personalization","XDesign Team","https://play.google.com/store/apps/dev?id=5035325621997083226","3.0","2","1","0","0","0","1"
"Gluten Free Food Finder PRO","Health & Fitness","kheusdev","https://play.google.com/store/apps/developer?id=kheusdev","5.0","1","0","0","0","0","1"
"UNICORN ROUNDIES ICON PACK","Personalization","DrumDestroyer Themes","https://play.google.com/store/apps/dev?id=4682932724915294631","4.8","22","0","1","0","1","20"
"xCoins Platform","Finance","Cryptocurrency Company Apps","https://play.google.com/store/apps/developer?id=Cryptocurrency+Company+Apps","5.0","1","0","0","0","0","1"
"Vibrant Spring Watch Face Pack 10 for Bubble Cloud","Personalization","DYNA Logix","https://play.google.com/store/apps/dev?id=6165670359285464177","5.0","1","0","0","0","0","1"
"PixIt for KWGT","Personalization","Apitiphy","https://play.google.com/store/apps/developer?id=Apitiphy","5.0","1","0","0","0","0","1"
"Warriors' Market Mayhem VIP","Role Playing","Cat Lab","https://play.google.com/store/apps/dev?id=7881531158134505254","5.0","2","0","0","0","0","2"
"Gradient Material UI","Personalization","Eduardo B5to","https://play.google.com/store/apps/dev?id=5545346948093021066","5.0","3","0","0","0","0","3"
"P - EMUI 8.0/5.X Theme","Personalization","Hamzio7","https://play.google.com/store/apps/dev?id=5367868795101766470","4.4","9","0","1","1","0","7"
"Paper Blast","Puzzle","Peter Cook","https://play.google.com/store/apps/developer?id=Peter+Cook","5.0","4","0","0","0","0","4"
"Glitch Editor üì∑ (NO ADS)","Art & Design","Z&Ms Studio, inc","https://play.google.com/store/apps/developer?id=Z%26Ms+Studio,+inc","5.0","1","0","0","0","0","1"
"VIP Betting Tips","Sports","GreenWallet","https://play.google.com/store/apps/developer?id=GreenWallet","4.2","5","1","0","0","0","4"
"HorseHotel Premium","Simulation","Tivola","https://play.google.com/store/apps/dev?id=8927372468482477196","5.0","1","0","0","0","0","1"
"MIUI LIMITLESS - ICON PACK HD","Personalization","Cris87","https://play.google.com/store/apps/dev?id=4952413072724821519","5.0","13","0","0","0","0","13"
"Outdoor Explorer Colorado - Ultimate Travel Guide!","Maps & Navigation","GeoPOI LLC","https://play.google.com/store/apps/developer?id=GeoPOI+LLC","5.0","2","0","0","0","0","2"
"Instabill","Business","E-Startup India","https://play.google.com/store/apps/developer?id=E-Startup+India","5.0","3","0","0","0","0","3"
"Pigs In War - Strategy Game","Strategy","Epic Forge","https://play.google.com/store/apps/dev?id=4753490543437411657","4.8","19","1","0","0","0","18"
"Dream City Life: Urban Survival Edition","Role Playing","Inspire Games Nexus","https://play.google.com/store/apps/dev?id=5906098688400705249","5.0","3","0","0","0","0","3"
"Artoo","Education","Alchemilla","https://play.google.com/store/apps/developer?id=Alchemilla","5.0","1","0","0","0","0","1"
"Dawson Sounds!: A Shane Dawson Soundboard","Entertainment","That's My Face","https://play.google.com/store/apps/developer?id=That%27s+My+Face","5.0","1","0","0","0","0","1"
"FEIA Child‚Äôs Development","Health & Fitness","FEIA","https://play.google.com/store/apps/developer?id=FEIA","4.0","4","1","0","0","0","3"
"Royal Emoji","Entertainment","Babushka Mobile LLC","https://play.google.com/store/apps/developer?id=Babushka+Mobile+LLC","5.0","1","0","0","0","0","1"
"CashKnight ( Soul Event Version )","Role Playing","SUPERCLAY Inc","https://play.google.com/store/apps/dev?id=7119777838063241228","4.5","125","10","1","3","13","98"
"Airsoft Bomb","Simulation","Loran Tecnologia","https://play.google.com/store/apps/developer?id=Loran+Tecnologia","5.0","2","0","0","0","0","2"
"Youth Bible Quiz 18","Education","The Foundry Publishing","https://play.google.com/store/apps/developer?id=The+Foundry+Publishing","5.0","1","0","0","0","0","1"
"Fonry - Icon Pack","Personalization","A1 Design","https://play.google.com/store/apps/dev?id=8878636829882194092","4.5","16","1","0","0","4","11"
"PolyKromos","Arcade","Alien Realm Studio","https://play.google.com/store/apps/developer?id=Alien+Realm+Studio","5.0","11","0","0","0","0","11"
"Lollipop Retro : Xperia Theme","Personalization","Themes MorS√°n","https://play.google.com/store/apps/dev?id=6069221541377551049","5.0","10","0","0","0","0","10"
"Lg Service Remote Control","Tools","AndreyMakarov","https://play.google.com/store/apps/developer?id=AndreyMakarov","4.0","4","1","0","0","0","3"
"Emigrantas TV","Lifestyle","Emigrantas, LLC","https://play.google.com/store/apps/developer?id=Emigrantas,+LLC","3.0","2","1","0","0","0","1"
"The Vigil Files: Case 1","Simulation","Lowkey Fun","https://play.google.com/store/apps/developer?id=Lowkey+Fun","5.0","8","0","0","0","0","8"
"Laboratory Lab values Pro 5","Medical","Dr.M√ºller Steve","https://play.google.com/store/apps/developer?id=Dr.M%C3%BCller+Steve","5.0","4","0","0","0","0","4"
"JLPT Test Pro (Japanese Test Pro)","Education","oCoder App","https://play.google.com/store/apps/developer?id=oCoder+App","5.0","1","0","0","0","0","1"
"Setup Developer Tool 2018","Racing","Tim McArthur","https://play.google.com/store/apps/developer?id=Tim+McArthur","5.0","1","0","0","0","0","1"
"Ïù¥Í∑∏ÎùºÏä§ÎåÄÏ†ÑVR [Ï†ïÍ∏ÄÏóêÏÑúÏÇ¥ÏïÑÎÇ®Í∏∞]","Action","mCoCoA","https://play.google.com/store/apps/developer?id=mCoCoA","5.0","2","0","0","0","0","2"
"CalculAAI","Productivity","AAI Brasil/RS","https://play.google.com/store/apps/developer?id=AAI+Brasil/RS","5.0","2","0","0","0","0","2"
"recogidos con trenzas","Beauty","alcantara","https://play.google.com/store/apps/developer?id=alcantara","3.0","2","0","0","2","0","0"
"cero acn√©","Beauty","donyulio","https://play.google.com/store/apps/developer?id=donyulio","4.0","1","0","0","0","1","0"
"cuidados de un motor de auto","Auto & Vehicles","eltocayo","https://play.google.com/store/apps/developer?id=eltocayo","3.0","1","0","0","1","0","0"
"Battery Charging Animation + full battery alarm","Tools","Neelam Bhanushali","https://play.google.com/store/apps/developer?id=Neelam+Bhanushali","5.0","1","0","0","0","0","1"
"No Zero Days","Productivity","Elliot Nash","https://play.google.com/store/apps/developer?id=Elliot+Nash","5.0","1","0","0","0","0","1"
"God of Battle VIP","Role Playing","DAERISOFT","https://play.google.com/store/apps/dev?id=5362355705811727981","5.0","2","0","0","0","0","2"
"ViewApp","Tools","Stalin EZ","https://play.google.com/store/apps/developer?id=Stalin+EZ","5.0","1","0","0","0","0","1"
"cura presion arterial y mucho mas","Health & Fitness","alcantara","https://play.google.com/store/apps/developer?id=alcantara","4.0","1","0","0","0","1","0"
"Coral","Personalization","Atanu Sanyal","https://play.google.com/store/apps/dev?id=8082276105481481415","5.0","2","0","0","0","0","2"
"Space Runner","Arcade","Space Jump Runner games","https://play.google.com/store/apps/developer?id=Space+Jump+Runner+games","5.0","3","0","0","0","0","3"
"Futunic Series v39","Art & Design","Dessy Dwi Diyanto","https://play.google.com/store/apps/developer?id=Dessy+Dwi+Diyanto","5.0","1","0","0","0","0","1"
"MEDcod Todas as tabelas","Medical","Dr. Eric Grossi - Neurocirurgia  em BH","https://play.google.com/store/apps/dev?id=4619773338280292804","5.0","2","0","0","0","0","2"
"Dinolango","Racing","Neivson Silva Cerqueira","https://play.google.com/store/apps/developer?id=Neivson+Silva+Cerqueira","5.0","2","0","0","0","0","2"
"WiFi Signal Strength Meter Pro","Tools","WiFi Booster - WiFi Signal Booster","https://play.google.com/store/apps/dev?id=6795465824906676293","5.0","1","0","0","0","0","1"
"ProCalc Anesthesia","Medical","SanCo Anesthesia PLLC","https://play.google.com/store/apps/developer?id=SanCo+Anesthesia+PLLC","5.0","1","0","0","0","0","1"
"Air Manager","Tools","Sim Innovations B.V.","https://play.google.com/store/apps/developer?id=Sim+Innovations+B.V.","5.0","4","0","0","0","0","4"
"pobla peres run","Casual","Chulengol","https://play.google.com/store/apps/developer?id=Chulengol","5.0","7","0","0","0","0","7"
"Retom - Icon Pack","Personalization","A1 Design","https://play.google.com/store/apps/dev?id=8878636829882194092","4.6","10","0","0","1","2","7"
"traba tu lengua de amor","Libraries & Demo","donyulio","https://play.google.com/store/apps/developer?id=donyulio","3.5","2","0","0","1","1","0"
"Audio Game: Wizard's Choice 2","Role Playing","Delight Games","https://play.google.com/store/apps/dev?id=5443760275283054929","5.0","1","0","0","0","0","1"
"Police Lights 2: PRO","Entertainment","Orium games","https://play.google.com/store/apps/dev?id=8770119409181130677","3.9","11","3","0","0","0","8"
"DISTRAINT: Deluxe Edition","Adventure","Jesse Makkonen","https://play.google.com/store/apps/developer?id=Jesse+Makkonen","5.0","4","0","0","0","0","4"
"Intergalactic Zoo","Arcade","RTK3 Games","https://play.google.com/store/apps/developer?id=RTK3+Games","5.0","2","0","0","0","0","2"
"Fix Dead Pixels: No Ads","Tools","ZooxSoft","https://play.google.com/store/apps/developer?id=ZooxSoft","3.0","1","0","0","1","0","0"
"Un esqueleto en el colegio","Books & Reference","donyulio","https://play.google.com/store/apps/developer?id=donyulio","3.0","1","0","0","1","0","0"
"TintedHome for KLWP","Personalization","Jordan X 'Jobe1785'","https://play.google.com/store/apps/dev?id=5418093975158074617","4.7","3","0","0","0","1","2"
"Askeri Alƒ±mlar ve MS√ú S√∂zl√º M√ºlakat Sorularƒ±","Education","Emre KOCƒ∞","https://play.google.com/store/apps/developer?id=Emre+KOC%C4%B0","5.0","2","0","0","0","0","2"
"Underdeck English","Card","UnderDeck","https://play.google.com/store/apps/developer?id=UnderDeck","3.5","2","0","0","1","1","0"
"Le pappe di Greta","Food & Drink","Giuliana Scarpati","https://play.google.com/store/apps/developer?id=Giuliana+Scarpati","5.0","1","0","0","0","0","1"
"WiFi Signal Strength Meter Pro (no Ads)","Tools","Phuongpn","https://play.google.com/store/apps/dev?id=9038809124293846666","4.3","6","0","0","0","4","2"
"Dinadan Icon Pack","Personalization","Morrone Fabio","https://play.google.com/store/apps/developer?id=Morrone+Fabio","5.0","20","0","0","0","0","20"
"JLPT N5 PRO","Education","oCoder App","https://play.google.com/store/apps/developer?id=oCoder+App","5.0","1","0","0","0","0","1"
"WATER Wallpapers 4K Pro ( WATER Backgrounds )","Personalization","Motion Wallpapers","https://play.google.com/store/apps/dev?id=5005220843709800158","3.8","9","2","0","1","1","5"
"Pinned-Up","Personalization","E.L.Designs","https://play.google.com/store/apps/developer?id=E.L.Designs","4.7","3","0","0","0","1","2"
"Beegnostic (Full) - bees acoustic diagnose app","Tools","LucmaSoft","https://play.google.com/store/apps/dev?id=7159802790466848065","5.0","2","0","0","0","0","2"
"CS go bomb simulator","Casual","zarG Byte","https://play.google.com/store/apps/developer?id=zarG+Byte","5.0","4","0","0","0","0","4"
"Atslan Pro","Sports","ShootersApps","https://play.google.com/store/apps/developer?id=ShootersApps","5.0","2","0","0","0","0","2"
"AudioBat","Casual","i am kool LLC","https://play.google.com/store/apps/developer?id=i+am+kool+LLC","5.0","2","0","0","0","0","2"
"Sou Rico","Communication","Alex Alan Nunes","https://play.google.com/store/apps/developer?id=Alex+Alan+Nunes","5.0","1","0","0","0","0","1"
"Android Ambilight Application","Lifestyle","Vsevolod Aleksandrov","https://play.google.com/store/apps/developer?id=Vsevolod+Aleksandrov","5.0","1","0","0","0","0","1"
"Mini Golf Arena","Sports","Evoluta Studio","https://play.google.com/store/apps/dev?id=8641419559025429772","5.0","3","0","0","0","0","3"
"alimentaci√≥n para beb√©s","Food & Drink","maryta","https://play.google.com/store/apps/developer?id=maryta","4.0","1","0","0","0","1","0"
"Batocha.matematika1h","Educational","chaxmatmark","https://play.google.com/store/apps/dev?id=5953543818213536813","5.0","2","0","0","0","0","2"
"Frida","Personalization","Pens and DreamS","https://play.google.com/store/apps/developer?id=Pens+and+DreamS","4.7","3","0","0","0","1","2"
"100NHAS","Puzzle","Bragi Est√∫dios","https://play.google.com/store/apps/developer?id=Bragi+Est%C3%BAdios","5.0","6","0","0","0","0","6"
"Sou Rico","Communication","Alex Alan Nunes","https://play.google.com/store/apps/developer?id=Alex+Alan+Nunes","5.0","1","0","0","0","0","1"
"Android Ambilight Application","Lifestyle","Vsevolod Aleksandrov","https://play.google.com/store/apps/developer?id=Vsevolod+Aleksandrov","5.0","1","0","0","0","0","1"
"Mini Golf Arena","Sports","Evoluta Studio","https://play.google.com/store/apps/dev?id=8641419559025429772","5.0","3","0","0","0","0","3"
"Batocha.matematika1h","Educational","chaxmatmark","https://play.google.com/store/apps/dev?id=5953543818213536813","5.0","2","0","0","0","0","2"
"Frida","Personalization","Pens and DreamS","https://play.google.com/store/apps/developer?id=Pens+and+DreamS","4.7","3","0","0","0","1","2"
"100NHAS","Puzzle","Bragi Est√∫dios","https://play.google.com/store/apps/developer?id=Bragi+Est%C3%BAdios","5.0","6","0","0","0","0","6"
"Square Pixel Dark Black AMOLED UI - Icon Pack","Personalization","Lohigno Design","https://play.google.com/store/apps/dev?id=8358023727073842269","5.0","2","0","0","0","0","2"
"Arbitrage Crypto - Arbitrage Bitcoin","Business","Bulan Madu","https://play.google.com/store/apps/developer?id=Bulan+Madu","4.2","5","1","0","0","0","4"
"Amoled Launcher","Personalization","Akshay Katariya","https://play.google.com/store/apps/developer?id=Akshay+Katariya","4.9","59","0","0","1","3","55"
"Deckboard PRO - Custom computer macros on device","Productivity","Riva Farabi","https://play.google.com/store/apps/developer?id=Riva+Farabi","5.0","2","0","0","0","0","2"
"HP67 Calculator 2.0","Productivity","Mike O'Shea","https://play.google.com/store/apps/dev?id=5624540227717249395","5.0","3","0","0","0","0","3"
"Waterfall LiveWallpaper","Personalization","variable","https://play.google.com/store/apps/dev?id=6091366078371980872","5.0","1","0","0","0","0","1"
"Perceval Icon Pack","Personalization","Morrone Fabio","https://play.google.com/store/apps/developer?id=Morrone+Fabio","4.9","20","0","0","0","2","18"
"Agron VIP","Sports","K√∂ksal Yazƒ±lƒ±m","https://play.google.com/store/apps/developer?id=K%C3%B6ksal+Yaz%C4%B1l%C4%B1m","5.0","2","0","0","0","0","2"
"DESINFLAMA TU VIENTRE","Health & Fitness","alcantara","https://play.google.com/store/apps/developer?id=alcantara","4.0","2","0","0","0","2","0"
"traba tu lengua","Libraries & Demo","ivonne","https://play.google.com/store/apps/developer?id=ivonne","3.0","1","0","0","1","0","0"
"Material X Flower","Personalization","Shuvro","https://play.google.com/store/apps/dev?id=7000400013194198247","5.0","3","0","0","0","0","3"
"Rise Of The Fallen","Action","PixelPimps, corp.","https://play.google.com/store/apps/developer?id=PixelPimps,+corp.","4.9","7","0","0","0","1","6"
"MendruCalc","Tools","Guillermo Ferrand","https://play.google.com/store/apps/developer?id=Guillermo+Ferrand","5.0","3","0","0","0","0","3"
"Amsterdam Audio Tours","Travel & Local","Toss it Online","https://play.google.com/store/apps/developer?id=Toss+it+Online","5.0","2","0","0","0","0","2"
"Underdeck Spanish","Card","UnderDeck","https://play.google.com/store/apps/developer?id=UnderDeck","5.0","3","0","0","0","0","3"
"RTLScanner","Tools","hOne","https://play.google.com/store/apps/developer?id=hOne","3.0","1","0","0","1","0","0"
"Syllabus Manager For Neet : Pro edition","Education","k7 team","https://play.google.com/store/apps/dev?id=8100791461219352100","5.0","3","0","0","0","0","3"
"Marta Lerele y el concurso de torrijas","Libraries & Demo","donyulio","https://play.google.com/store/apps/developer?id=donyulio","3.0","3","0","0","3","0","0"
"Thema-Material Vitage","Personalization"," ç»ù‘≥‘π ‘µ»ù ç‘π’è ’ê‘∫","https://play.google.com/store/apps/dev?id=5305782302339588477","4.8","4","0","0","0","1","3"
"Smalltalk Portugal","Trivia","SmalltalkPortugal","https://play.google.com/store/apps/developer?id=SmalltalkPortugal","5.0","5","0","0","0","0","5"
"App for richest: Most Expensive Donuts","Finance","Cartenz Studio","https://play.google.com/store/apps/developer?id=Cartenz+Studio","5.0","1","0","0","0","0","1"
"AJ Gray Icon Pack","Personalization","Coastal Images","https://play.google.com/store/apps/dev?id=5070356455691124088","5.0","3","0","0","0","0","3"
"u√±as acrilicas pasos","Beauty","eltocayo","https://play.google.com/store/apps/developer?id=eltocayo","3.0","1","0","0","1","0","0"
"Battle of Vicksburg","Action","Thorium Game Lab","https://play.google.com/store/apps/developer?id=Thorium+Game+Lab","3.7","3","1","0","0","0","2"
"GoBotix","Puzzle","SZ Interactive","https://play.google.com/store/apps/dev?id=8176618143157769635","5.0","6","0","0","0","0","6"
"Consulta DNI Per√∫ Pro üáµüá™üîç","Productivity","Victor Rosario Dev.","https://play.google.com/store/apps/dev?id=8309821654310744073","4.0","5","1","0","0","1","3"
"OS 11 Concept  - iPhone X icon pack","Personalization","Theme4droids","https://play.google.com/store/apps/dev?id=5978196121139295130","1.0","1","1","0","0","0","0"
"–ü–∞—Ä–∏–∂ - –ø—É—Ç–µ–≤–æ–¥–∏—Ç–µ–ª—å –∏ –æ—Ñ—Ñ–ª–∞–π–Ω –∫–∞—Ä—Ç–∞ –æ—Ç Paris10.ru","Travel & Local","Anton Eregin","https://play.google.com/store/apps/developer?id=Anton+Eregin","5.0","3","0","0","0","0","3"
"Carbon Glass Icon Pack","Personalization","BitBleed","https://play.google.com/store/apps/developer?id=BitBleed","5.0","1","0","0","0","0","1"
"Balthazar and The Mad King","Adventure","Cochlea Team","https://play.google.com/store/apps/developer?id=Cochlea+Team","3.7","3","1","0","0","0","2"
"Birds of Peru","Education","Birds in the Hand, LLC","https://play.google.com/store/apps/developer?id=Birds+in+the+Hand,+LLC","5.0","1","0","0","0","0","1"
"–°—É–¥–æ–≤–æ–π –º–æ—Ç–æ—Ä–∏—Å—Ç","Books & Reference","Progressiv Digital Inc.","https://play.google.com/store/apps/dev?id=5932616138091952058","4.0","1","0","0","0","1","0"
"Voco - Icon Pack","Personalization","A1 Design","https://play.google.com/store/apps/dev?id=8878636829882194092","4.7","7","0","0","1","0","6"
"RallyT - ADVANCED REGULARITY TRIPMETER","Sports","Mews Entertainment","https://play.google.com/store/apps/developer?id=Mews+Entertainment","5.0","8","0","0","0","0","8"
"pastelitos vol 1","Food & Drink","Rupertips","https://play.google.com/store/apps/developer?id=Rupertips","3.0","1","0","0","1","0","0"
"Into the Realm: Turn based RPG","Role Playing","Flying Banana Productions","https://play.google.com/store/apps/developer?id=Flying+Banana+Productions","5.0","7","0","0","0","0","7"
"Gym Coach and Trainer Pro","Tools","Gideon Devs","https://play.google.com/store/apps/developer?id=Gideon+Devs","4.2","21","2","1","1","4","13"
"Sub4Sub Pro (No Ads)","Tools","dev.hdcstudio","https://play.google.com/store/apps/developer?id=dev.hdcstudio","3.7","6","2","0","0","0","4"
"manualidad 7a9","Art & Design","eltocayo","https://play.google.com/store/apps/developer?id=eltocayo","3.0","1","0","0","1","0","0"
"Sunset Colors : Xperia Theme","Personalization","Themes MorS√°n","https://play.google.com/store/apps/dev?id=6069221541377551049","5.0","21","0","0","0","0","21"
"Booktime ‚Äî audiobook player","Books & Reference","Vosmann","https://play.google.com/store/apps/developer?id=Vosmann","4.4","23","1","1","1","4","16"
"Ginevra Icon Pack","Personalization","Morrone Fabio","https://play.google.com/store/apps/developer?id=Morrone+Fabio","5.0","4","0","0","0","0","4"
"Chinese Chess, Xiangqi (Professional Edition)","Board","FREEDOM RABBITS","https://play.google.com/store/apps/developer?id=FREEDOM+RABBITS","5.0","1","0","0","0","0","1"
"Mosaic Red EMUI 5/8 Theme","Personalization","hanni","https://play.google.com/store/apps/dev?id=7424004801529186504","4.0","1","0","0","0","1","0"
"Stakali Unlocker","Productivity","Toneiv Apps","https://play.google.com/store/apps/developer?id=Toneiv+Apps","5.0","1","0","0","0","0","1"
"Fork Knife","Puzzle","Ron Dicksen","https://play.google.com/store/apps/developer?id=Ron+Dicksen","5.0","1","0","0","0","0","1"
"–¢–í –ü—Ä–æ–≥—Ä–∞–º–∞—Ç–∞ –ü–ª—é—Å","Entertainment","min.solutions","https://play.google.com/store/apps/developer?id=min.solutions","5.0","1","0","0","0","0","1"
"NOTARZT Pro 3","Medical","Dr.M√ºller Steve","https://play.google.com/store/apps/developer?id=Dr.M%C3%BCller+Steve","5.0","1","0","0","0","0","1"
"Katakan Pro","Education","Javanesse","https://play.google.com/store/apps/dev?id=7163443990596622004","5.0","1","0","0","0","0","1"
"cMate-MARPOL 2018","Books & Reference","cMate","https://play.google.com/store/apps/developer?id=cMate","5.0","1","0","0","0","0","1"
"Trivia Help","Tools","Trivia","https://play.google.com/store/apps/developer?id=Trivia","1.0","1","1","0","0","0","0"
"SelBet Sport Predictions Pro","Sports","Selbet Pronostics","https://play.google.com/store/apps/developer?id=Selbet+Pronostics","5.0","1","0","0","0","0","1"
"Budget My Reno: renovation remodeling cost manager","House & Home","Moody Machines","https://play.google.com/store/apps/developer?id=Moody+Machines","5.0","2","0","0","0","0","2"
"‡πÅ‡∏ô‡∏ß‡∏Ç‡πâ‡∏≠‡∏™‡∏≠‡∏ö‡∏Ñ‡∏£‡∏π‡πÄ‡∏≠‡∏Å‡∏î‡∏ô‡∏ï‡∏£‡∏µ 2561","Education","MYHIPPO777","https://play.google.com/store/apps/developer?id=MYHIPPO777","5.0","3","0","0","0","0","3"
"Minako","Strategy","Hendojo","https://play.google.com/store/apps/developer?id=Hendojo","5.0","1","0","0","0","0","1"
"I am rich","Social","Virtuoso NetSoft Pvt Ltd","https://play.google.com/store/apps/developer?id=Virtuoso+NetSoft+Pvt+Ltd","5.0","6","0","0","0","0","6"
"Fix & Flip Calculator by Alpha 3","Business","Alpha 3 INC.","https://play.google.com/store/apps/dev?id=8795465062679579315","5.0","3","0","0","0","0","3"
"SwiftHome for KLWP","Personalization","Jordan X 'Jobe1785'","https://play.google.com/store/apps/dev?id=5418093975158074617","5.0","1","0","0","0","0","1"
"Lortivo (crypto-signals)","Finance","Lorttech Consoleprofit","https://play.google.com/store/apps/developer?id=Lorttech+Consoleprofit","5.0","1","0","0","0","0","1"
"MUROBAS","Finance","BA≈ûKAN","https://play.google.com/store/apps/developer?id=BA%C5%9EKAN","5.0","2","0","0","0","0","2"
"Mi Mascota Accesible Full","Simulation","Fabi√°n Arias","https://play.google.com/store/apps/developer?id=Fabi%C3%A1n+Arias","5.0","2","0","0","0","0","2"
"CarpMAG 27","Sports","Webcarp","https://play.google.com/store/apps/developer?id=Webcarp","4.9","15","0","0","0","1","14"
"postres dulces","Food & Drink","donyulio","https://play.google.com/store/apps/developer?id=donyulio","3.0","1","0","0","1","0","0"
"DUKAN DIET DESSERT RECIPES","Health & Fitness","Avantaj Consulting","https://play.google.com/store/apps/developer?id=Avantaj+Consulting","5.0","2","0","0","0","0","2"
"Vital Tones Rhinitis Pro","Health & Fitness","Vital Tones Ltd","https://play.google.com/store/apps/dev?id=6570939657550406883","5.0","1","0","0","0","0","1"
"Dart Masters","Sports","gamecampentertainment","https://play.google.com/store/apps/developer?id=gamecampentertainment","3.3","20","7","1","1","1","10"
"Globe Blocker ‚Äì Block international calls","Productivity","Bjarte Aune Olsen","https://play.google.com/store/apps/dev?id=7428976572611686426","5.0","3","0","0","0","0","3"
"AJ Blue Icon Pack","Personalization","Coastal Images","https://play.google.com/store/apps/dev?id=5070356455691124088","5.0","2","0","0","0","0","2"
"PARIS Wallpapers 4K Pro ( PARIS Backgrounds )","Personalization","Motion Wallpapers","https://play.google.com/store/apps/dev?id=5005220843709800158","4.0","8","2","0","0","0","6"
"Kids Out","Parenting","BOSS INDUSTRIES PTY LTD","https://play.google.com/store/apps/developer?id=BOSS+INDUSTRIES+PTY+LTD","5.0","1","0","0","0","0","1"
"Hair","Health & Fitness","Hair","https://play.google.com/store/apps/developer?id=Hair","5.0","7","0","0","0","0","7"
"Heart Meditations","Lifestyle","Oceanhouse Media, Inc.","https://play.google.com/store/apps/dev?id=6785444890720651855","4.0","3","0","1","0","0","2"
"Rajasthan Geography Pro","Education","HiFi Studies","https://play.google.com/store/apps/developer?id=HiFi+Studies","5.0","1","0","0","0","0","1"
