"Chennai Super Kings Battle Of Chepauk 2","Sports","Nextwave Multimedia","https://play.google.com/store/apps/dev?id=9127085344518131769","4.6","33992","1494","374","1370","3013","27741"
"Iron Throne","Strategy","Netmarble","https://play.google.com/store/apps/dev?id=5258410538530331508","4.5","16461","896","265","848","2286","12166"
"Vice Auto Theft City","Action","Tap - Free Games","https://play.google.com/store/apps/developer?id=Tap+-+Free+Games","4.1","1474","242","41","75","85","1031"
"US Police limousine Car Quad Bike Transporter Game","Simulation","Great Games Studio","https://play.google.com/store/apps/developer?id=Great+Games+Studio","4.3","1353","163","35","75","75","1005"
"Real Car Parking 2 : Driving School 2018","Simulation","Genetic Studios ‚Ñ¢","https://play.google.com/store/apps/dev?id=8550478867825785622","4.5","37848","2788","714","1748","3373","29225"
"High School Gang","Action","Italy Games","https://play.google.com/store/apps/developer?id=Italy+Games","4.5","3426","157","60","303","415","2491"
"RC Spy Drone 2018","Simulation","Coding Squares","https://play.google.com/store/apps/dev?id=6609243090034600037","4.2","886","118","19","60","53","636"
"Will it Crush?","Simulation","VOODOO","https://play.google.com/store/apps/developer?id=VOODOO","3.0","6205","2618","220","358","313","2696"
"Disney Heroes: Battle Mode","Strategy","PerBlue Entertainment","https://play.google.com/store/apps/developer?id=PerBlue+Entertainment","4.6","16598","798","198","686","2175","12741"
"Solitaire","Card","Toolit Media","https://play.google.com/store/apps/developer?id=Toolit+Media","4.3","769","74","16","54","82","543"
"Truck Driver Simulator","Simulation","tasoandorra","https://play.google.com/store/apps/developer?id=tasoandorra","4.3","257","25","5","18","24","185"
"Flying Arrow","Arcade","VOODOO","https://play.google.com/store/apps/developer?id=VOODOO","3.7","12813","3206","464","826","1060","7257"
"Euro Train Simulator 2018","Simulation","Tap - Free Games","https://play.google.com/store/apps/developer?id=Tap+-+Free+Games","4.0","578","98","15","49","56","360"
"San Andreas Auto Theft : City Of Crime","Action","GAME TSUNAMI","https://play.google.com/store/apps/developer?id=GAME+TSUNAMI","4.3","1128","124","27","59","82","836"
"Russian Car Driver  ZIL 130","Simulation","ABGames89","https://play.google.com/store/apps/dev?id=5952057666589164114","4.5","15911","887","228","861","2152","11783"
"Car Simulator Veneno","Simulation","Oppana Games","https://play.google.com/store/apps/developer?id=Oppana+Games","4.3","4878","551","100","264","359","3604"
"Flame Hero","Simulation","Naxeex Publishing","https://play.google.com/store/apps/dev?id=5720237448240252822","4.4","1041","99","18","51","76","797"
"Train Vs Car Racing 2 Player","Racing","MTS Free Games","https://play.google.com/store/apps/developer?id=MTS+Free+Games","4.3","602","67","11","43","57","424"
"Incredible Monster VS US Army Prison Survival Game","Action","Great Games Studio","https://play.google.com/store/apps/developer?id=Great+Games+Studio","4.4","311","32","3","18","23","235"
"Coach Bus Tourist Transport Simulator","Simulation","AbsoMech","https://play.google.com/store/apps/developer?id=AbsoMech","4.2","313","43","8","22","23","217"
"Stunt Bicycle Impossible Tracks Bike Games 2","Simulation","Mekaal Studios","https://play.google.com/store/apps/developer?id=Mekaal+Studios","4.4","354","37","7","16","29","265"
"Bubble Shooter Mission","Puzzle","mobirix","https://play.google.com/store/apps/dev?id=4864673505117639552","4.4","781","26","13","109","138","495"
"Ludo Game : 2018 Ludo Star, Ludo New","Board","Cookie Crush Match 3 Blast","https://play.google.com/store/apps/developer?id=Cookie+Crush+Match+3+Blast","4.4","143","8","3","11","16","105"
"Harry Potter: Hogwarts Mystery","Adventure","Jam City, Inc.","https://play.google.com/store/apps/dev?id=5509190841173705883","4.4","811644","46913","24947","49373","127585","562826"
"Speed Car Race 3D","Racing","Zee Vision Games","https://play.google.com/store/apps/developer?id=Zee+Vision+Games","4.4","169","13","5","11","16","124"
"Missile War Launcher Mission - Rivals Drone Attack","Adventure","woodoo play games","https://play.google.com/store/apps/developer?id=woodoo+play+games","4.1","552","76","14","41","43","378"
"Capital City Building: Mega Construction Games","Simulation","Sablo Games","https://play.google.com/store/apps/developer?id=Sablo+Games","4.3","244","32","3","6","18","185"
"Bingo Bubbles","Casual","Cookie Crush Games","https://play.google.com/store/apps/dev?id=7236897623184980796","4.6","459","10","6","41","57","345"
"Wild Animals Kingdom Battle Simulator 2018","Simulation","Gamtertainment","https://play.google.com/store/apps/developer?id=Gamtertainment","4.3","317","40","4","18","24","231"
"Space Cone","Casual","CloudMacaca Inc.","https://play.google.com/store/apps/developer?id=CloudMacaca+Inc.","4.3","86","7","3","4","11","61"
"Virtual Mother New Baby Twins Family Simulator","Adventure","New Age Gamers","https://play.google.com/store/apps/developer?id=New+Age+Gamers","3.7","702","132","41","84","66","379"
"Drift Car Real Driving Simulator - Extreme Racing","Simulation","Movers Games","https://play.google.com/store/apps/developer?id=Movers+Games","4.3","250","28","8","18","10","186"
"Millionaire Wedding - Lucky Bride Dress Up","Casual","Games For Girls","https://play.google.com/store/apps/developer?id=Games+For+Girls","4.3","904","76","20","62","111","635"
"LEGO¬Æ NINJAGO¬Æ: Ride Ninja","Arcade","LEGO System A/S","https://play.google.com/store/apps/dev?id=5382307214726356149","4.5","3717","247","64","169","308","2929"
"US Prison Transport: Police Bus Driving","Simulation","Tap - Free Games","https://play.google.com/store/apps/developer?id=Tap+-+Free+Games","3.8","207","45","7","21","14","120"
"Firefighter Rescue Simulator 3D","Simulation","spiritapps","https://play.google.com/store/apps/developer?id=spiritapps","4.3","204","27","6","3","14","154"
"Makeup Game: Sery Bride","Casual","Dolly Dress up","https://play.google.com/store/apps/developer?id=Dolly+Dress+up","4.3","378","40","8","25","34","271"
"Monster Superhero Sea Survival: Prison Escape Game","Action","Tekbash","https://play.google.com/store/apps/dev?id=6680115612213221010","4.7","55","3","0","1","2","49"
"Taptap Heroes","Role Playing","Ajoy Lab Games","https://play.google.com/store/apps/dev?id=8856613848700732378","4.3","625","76","2","24","63","460"
"Solo Superhero in Night City Battleground","Simulation","Pocket King Games","https://play.google.com/store/apps/developer?id=Pocket+King+Games","4.2","99","12","5","7","5","70"
"Wedding Fiasco - The Race for the Perfect Dress","Role Playing","TabTale","https://play.google.com/store/apps/dev?id=5735447750101420287","4.5","958","54","16","58","94","736"
"Wicked Jewels Crush 2018","Casual","Global Interactive","https://play.google.com/store/apps/developer?id=Global+Interactive","4.4","245","16","2","20","35","172"
"Super Hero Bike Mega Ramp","Racing","MTS Free Games","https://play.google.com/store/apps/developer?id=MTS+Free+Games","4.5","83","6","1","6","4","66"
"Car Stunt Challenge 2018","Simulation","Versatile Games Studio","https://play.google.com/store/apps/developer?id=Versatile+Games+Studio","4.5","160","11","2","9","13","125"
"The Cube","Arcade","VOODOO","https://play.google.com/store/apps/developer?id=VOODOO","4.0","7444","1347","243","422","717","4715"
"Real Swimming Pool Game 2018","Simulation","The Knights Inc.","https://play.google.com/store/apps/developer?id=The+Knights+Inc.","4.3","452","48","8","31","42","323"
"Miraculous Ladybug & Cat Noir - The Official Game","Action","Crazy Labs by TabTale","https://play.google.com/store/apps/developer?id=Crazy+Labs+by+TabTale","4.6","90541","4616","1316","3701","7514","73394"
"Tricky Stunt Bike Extreme Racer: Superhero","Simulation","Professor Games","https://play.google.com/store/apps/developer?id=Professor+Games","4.4","93","8","1","6","6","72"
"Panda Lu Baby Bear World - New Pet Care Adventure","Educational","TutoTOONS","https://play.google.com/store/apps/dev?id=6493980387780624296","4.5","298","22","6","17","16","237"
"Modern Bus Coach Driving Simulator 2k18","Simulation","Soft_Tech Gaming Studio","https://play.google.com/store/apps/developer?id=Soft_Tech+Gaming+Studio","3.4","158","47","10","17","8","76"
"Extreme Car Stunts Game 3D 2","Racing","Larrea Apps","https://play.google.com/store/apps/developer?id=Larrea+Apps","4.2","90","11","3","8","7","61"
"3D Train Racing Driver","Simulation","Train Games","https://play.google.com/store/apps/developer?id=Train+Games","4.2","95","12","3","4","7","69"
"Easy Bubble Shooter","Casual","Match 3 Bubble Games","https://play.google.com/store/apps/developer?id=Match+3+Bubble+Games","4.5","118","7","2","4","22","83"
"Superstar Makeup Prom","Role Playing","lemonbab","https://play.google.com/store/apps/developer?id=lemonbab","4.3","237","17","5","22","32","161"
"Stickman WW2 Battle Simulator","Action","Stickman 3D Fighting Games","https://play.google.com/store/apps/developer?id=Stickman+3D+Fighting+Games","4.4","1168","75","22","81","117","873"
"Truck Simulator","Simulation","gamestarstudio","https://play.google.com/store/apps/developer?id=gamestarstudio","4.4","168","11","7","11","12","127"
"Stellar Age: MMO Strategy","Strategy","Crazy Panda Apps","https://play.google.com/store/apps/developer?id=Crazy+Panda+Apps","4.4","10425","524","178","326","3011","6386"
"Target Bottle Shoot 3D","Simulation","Gaming Genesis","https://play.google.com/store/apps/developer?id=Gaming+Genesis","4.6","69","6","0","1","4","58"
"US Survival Death Mission: FPS War 2018","Action","PJ Solutions","https://play.google.com/store/apps/developer?id=PJ+Solutions","4.2","138","14","5","12","14","93"
"Fortress Bubbles","Adventure","Fun Match 3 Games","https://play.google.com/store/apps/dev?id=7101346334273770676","4.4","89","1","0","11","26","51"
"Mega Shooter: Infinity Space War (Galaxy Heroes)","Arcade","iKameStudio","https://play.google.com/store/apps/developer?id=iKameStudio","4.4","3928","258","75","225","454","2916"
"Bubble Shooter 3","Puzzle","Bubble Shooter Artworks","https://play.google.com/store/apps/developer?id=Bubble+Shooter+Artworks","4.4","85","5","2","7","14","57"
"The Gang City","Action","Grand Gangster Games","https://play.google.com/store/apps/developer?id=Grand+Gangster+Games","4.1","865","124","27","74","65","575"
"Castle Kingdom: Crush in Free","Strategy","OneSoft Studio","https://play.google.com/store/apps/dev?id=5015266578532322195","4.5","91","7","0","5","8","71"
"Slayer Bubbles","Adventure","Cookie Crush Games","https://play.google.com/store/apps/dev?id=7236897623184980796","4.4","107","6","0","11","20","70"
"Flip the Gun - Simulator Game","Arcade","Playgendary","https://play.google.com/store/apps/dev?id=7486814720100409246","4.3","152630","14723","2834","9527","17933","107613"
"Train Tracks Construction 2018","Simulation","Coding Squares","https://play.google.com/store/apps/dev?id=6609243090034600037","4.4","81","9","2","1","6","63"
"MMX Hill Dash 2 ‚Äì Offroad Truck, Car & Bike Racing","Racing","Hutch Games","https://play.google.com/store/apps/dev?id=8812293306013257434","4.4","24274","1800","520","1390","3761","16803"
"Wood Block Puzzle 3D","Puzzle","TAP GAMES","https://play.google.com/store/apps/developer?id=TAP+GAMES","4.6","360","5","4","23","63","265"
"Solitaire - Klondike Solitaire","Card","UK Solitaire Card Games","https://play.google.com/store/apps/developer?id=UK+Solitaire+Card+Games","4.7","239","6","4","12","20","197"
"FPS Shooting Master","Action","Infinity Gunfighter","https://play.google.com/store/apps/developer?id=Infinity+Gunfighter","4.6","297","15","0","21","18","243"
"House Construction Simulator 3D","Simulation","BAYONET (Pvt) Ltd","https://play.google.com/store/apps/developer?id=BAYONET+%28Pvt%29+Ltd","4.4","120","7","1","13","12","87"
"Hitman Shooter","Arcade","Cookie Crush Games","https://play.google.com/store/apps/dev?id=7236897623184980796","4.6","94","1","1","7","17","68"
"Brain Physics Truck","Casual","ScorpionStudio","https://play.google.com/store/apps/developer?id=ScorpionStudio","3.5","595","171","16","59","37","312"
"Offroad Moto Bike Racing Games","Simulation","UniBit","https://play.google.com/store/apps/developer?id=UniBit","4.2","398","49","11","28","38","272"
"Stunt Car Racing Simulator: Free Car Games 2018","Simulation","Desire PK","https://play.google.com/store/apps/dev?id=4687045479860634476","4.3","175","20","7","6","14","128"
"Ultimate King Fighter: Death Match 2","Action","Action Adventure Gameplay Studios","https://play.google.com/store/apps/developer?id=Action+Adventure+Gameplay+Studios","4.4","47","5","1","0","6","35"
"High Speed Extreme  Bike Race Game: Space Heroes","Racing","Tiny Lab Games","https://play.google.com/store/apps/dev?id=5276432544756442683","4.4","45","3","2","1","5","34"
"Smash Bubbles","Casual","Match 3 Fun Games","https://play.google.com/store/apps/dev?id=6248802720099859869","4.5","58","1","1","6","11","39"
"Plippa games for girls","Casual","plippa","https://play.google.com/store/apps/developer?id=plippa","4.4","418","29","7","40","36","306"
"Cursed Castle Save the Princess","Casual","bmapps","https://play.google.com/store/apps/developer?id=bmapps","4.4","108","12","1","7","4","84"
"Ludo Players - Dice Board Game","Board","Topcha Apps","https://play.google.com/store/apps/developer?id=Topcha+Apps","4.3","33","2","1","3","5","22"
"Bottle Target Shoot","Adventure","Door to apps","https://play.google.com/store/apps/dev?id=4716605590557508920","4.3","126","13","2","10","7","94"
"Candy Break Bomb","Casual","Gamoper","https://play.google.com/store/apps/developer?id=Gamoper","4.6","435","8","5","22","71","329"
"Dinosaur Era : Survival Game","Simulation","MTS Free Games","https://play.google.com/store/apps/developer?id=MTS+Free+Games","4.3","22","2","0","2","4","14"
"Rake Monster Hunter","Simulation","OneTonGames","https://play.google.com/store/apps/dev?id=9176665870943617333","4.4","4191","254","71","285","519","3062"
"Jewels Quest 2 - Glowing Match 3","Puzzle","Teskin Games","https://play.google.com/store/apps/developer?id=Teskin+Games","4.6","29","0","1","3","2","23"
"Drop The Ball","Arcade","VOODOO","https://play.google.com/store/apps/developer?id=VOODOO","3.9","267","53","11","13","29","161"
"World Football Champion","Sports","Color Mobile, Inc.","https://play.google.com/store/apps/developer?id=Color+Mobile,+Inc.","4.6","1555","96","26","82","63","1288"
"Trick Tekken 3","Action","Endich","https://play.google.com/store/apps/developer?id=Endich","4.6","17","1","0","1","1","14"
"Super Car Racing 3D","Racing","BIG HUNTER","https://play.google.com/store/apps/developer?id=BIG+HUNTER","4.5","399","23","7","21","29","319"
"Stickman jailbreak 9","Casual","Starodymov games","https://play.google.com/store/apps/dev?id=7543058881021696216","4.4","1224","116","21","62","103","922"
"Forage Tractor Farming Drive","Simulation","HATCOM Inc.","https://play.google.com/store/apps/dev?id=6427388348363567691","4.3","353","41","6","17","21","268"
"Pokemon Pro Collection - Free G.B.A Classic Game","Adventure","plasne","https://play.google.com/store/apps/developer?id=plasne","4.5","832","51","6","42","70","663"
"Tricky Bike Racing With Crazy Rider 3D","Racing","Vasundhara Game Studios","https://play.google.com/store/apps/developer?id=Vasundhara+Game+Studios","4.4","70","7","0","3","7","53"
"City Ambulance Rescue Simulator Games","Simulation","Gamers Trend","https://play.google.com/store/apps/dev?id=8517959265305990625","4.6","24","2","0","0","2","20"
"Wings of Fire - Drone Fly  Fighter","Simulation","Standard Games Studios","https://play.google.com/store/apps/developer?id=Standard+Games+Studios","4.4","48","6","1","1","1","39"
"Airplane Flight Adventure: Games for Landing","Simulation","Step Up Game Studios","https://play.google.com/store/apps/dev?id=5286320531054919482","4.4","38","4","1","1","1","31"
"PAPER Anne","Adventure","UsFun Games","https://play.google.com/store/apps/developer?id=UsFun+Games","3.4","500","136","32","62","52","218"
"Elfcraft - Match and crush 3 Stones","Casual","Tivola","https://play.google.com/store/apps/dev?id=8927372468482477196","4.2","43","4","1","6","5","27"
"Moto Highway Rider","Racing","TerranDroid","https://play.google.com/store/apps/developer?id=TerranDroid","4.4","721","46","6","69","97","503"
"Tractor Driving in Farm ‚Äì Extreme Transport Games","Simulation","Step Up Game Studios","https://play.google.com/store/apps/dev?id=5286320531054919482","4.4","84","7","2","3","7","65"
"Diner Match 3","Adventure","Free Bubble Shooter Games","https://play.google.com/store/apps/developer?id=Free+Bubble+Shooter+Games","4.5","43","1","0","6","6","30"
"Motorbike Stunt Master 2018","Simulation","Gameza Inc","https://play.google.com/store/apps/developer?id=Gameza+Inc","4.2","92","13","4","2","7","66"
"Airplane Hijack: Rescue Mission","Action","Standard Games Studios","https://play.google.com/store/apps/developer?id=Standard+Games+Studios","4.2","168","21","5","10","14","118"
"Bike Super Hero Stunt Driver Racing","Simulation","Best Fun Games Racing Simulators","https://play.google.com/store/apps/developer?id=Best+Fun+Games+Racing+Simulators","4.4","54","5","1","3","6","39"
"Forklift Games: Rear Wheels Forklift Driving","Simulation","Zact Studio Games","https://play.google.com/store/apps/dev?id=7326943805560551330","4.4","83","8","2","5","4","64"
"Fruit Pop Tap Cube","Casual","Global Interactive","https://play.google.com/store/apps/developer?id=Global+Interactive","4.4","192","9","5","17","21","140"
"Grand Street Vegas Mafia Crime : Fight To Survive","Action","Freydaso","https://play.google.com/store/apps/developer?id=Freydaso","4.4","912","88","16","54","81","673"
"‚ùÑ College Girls Princess Makeup Dress up Game ‚ù§","Simulation","Dzen90","https://play.google.com/store/apps/developer?id=Dzen90","4.5","613","38","6","45","56","468"
"Super Car 3D Adventure Parking","Simulation","Scomz","https://play.google.com/store/apps/developer?id=Scomz","4.4","57","3","3","4","4","43"
"Luxury Prado: Offroad 4X4","Simulation","Abacus Gamers","https://play.google.com/store/apps/developer?id=Abacus+Gamers","4.5","35","3","0","0","6","26"
"Jigsaw Puzzles Free Game OFFLINE, Picture Puzzle","Puzzle","Cris Resh","https://play.google.com/store/apps/developer?id=Cris+Resh","4.4","615","51","10","35","57","462"
"Stickman Fight: The Game","Action","JDI Game Studio","https://play.google.com/store/apps/dev?id=5660622683758606290","4.5","5975","581","59","193","335","4807"
"Best Tekken 3 Trick","Action","Kamflo","https://play.google.com/store/apps/developer?id=Kamflo","4.1","29","5","0","2","1","21"
"Ludo Arena - Royal King","Board","Ciaolink Apps","https://play.google.com/store/apps/developer?id=Ciaolink+Apps","4.9","500","11","1","5","12","471"
"Village Road Construction Builder: Build Highway","Casual","Smile Stones Studio","https://play.google.com/store/apps/developer?id=Smile+Stones+Studio","4.4","29","3","0","2","2","22"
"Dinosaur Hunt 2018","Action","Best Free Games Ltd","https://play.google.com/store/apps/developer?id=Best+Free+Games+Ltd","4.5","89","6","1","4","10","68"
"Animal Hunting 2: Jeep Drive Simulator","Action","Logic Rack","https://play.google.com/store/apps/developer?id=Logic+Rack","4.0","45","7","3","1","6","28"
"Final Hunter: Wild Animal Huntingüêé","Action","shootergameball","https://play.google.com/store/apps/developer?id=shootergameball","4.5","579","35","11","25","49","459"
"Death Road 3 : Desperate Racing","Adventure","Love Free Shooting Games - FPS","https://play.google.com/store/apps/developer?id=Love+Free+Shooting+Games+-+FPS","4.1","573","67","22","54","52","378"
"Rajasthani Wedding - Indian Arranged Marriage","Casual","Increase Mind Games","https://play.google.com/store/apps/developer?id=Increase+Mind+Games","4.5","95","5","2","7","6","75"
"Air Force Jet Fighter Combat 3d","Action","Idle Vision","https://play.google.com/store/apps/developer?id=Idle+Vision","3.5","93","30","3","4","3","53"
"Fire Truck Driving Rescue 911 Fire Engine Games","Simulation","Roadster Inc - 3D Games Action & Simulation","https://play.google.com/store/apps/developer?id=Roadster+Inc+-+3D+Games+Action+%26+Simulation","4.2","35","6","1","0","0","28"
"Tricky bike new crazy stunt dead mission","Simulation","Swat Action Games","https://play.google.com/store/apps/developer?id=Swat+Action+Games","4.2","87","8","4","6","10","59"
"US Prisoner Police Bus: Bus Games","Simulation","Gamers Hive","https://play.google.com/store/apps/developer?id=Gamers+Hive","4.5","44","2","1","3","3","35"
"Dragon Warriors: Ball Z","Action","Table Blue","https://play.google.com/store/apps/developer?id=Table+Blue","4.5","2395","153","30","116","230","1866"
"Snake Crash 2: Snake Rush","Arcade","Poker Power","https://play.google.com/store/apps/developer?id=Poker+Power","4.2","546","68","13","34","51","380"
"Gorilla Smash City Big Foot Monster Rampage","Action","Machine Dreams Inc","https://play.google.com/store/apps/dev?id=8766811091380713707","4.2","47","6","3","1","3","34"
"Grand Monster Truck Simulator Drive","Simulation","Gamors","https://play.google.com/store/apps/developer?id=Gamors","4.3","188","16","3","19","28","122"
"Train Driving Simulator: Train Games 2018","Simulation","play.io","https://play.google.com/store/apps/developer?id=play.io","4.4","106","11","0","7","7","81"
"Telolet Bus Simulator 2018 - Top Coach Bus Driving","Simulation","Gaming Stars Inc","https://play.google.com/store/apps/developer?id=Gaming+Stars+Inc","4.0","22","3","1","3","2","13"
"Euro Truck Simulator vs USA Truck","Simulation","Trend Gaming Zone","https://play.google.com/store/apps/developer?id=Trend+Gaming+Zone","4.1","113","22","1","2","9","79"
"Water Slide Car Stunt Race","Simulation","Gamers Bell","https://play.google.com/store/apps/developer?id=Gamers+Bell","4.5","15","2","0","0","0","13"
"KBC 2018","Educational","Crorepati India : Biggest Hindi GK Quiz 2018","https://play.google.com/store/apps/developer?id=Crorepati+India+:+Biggest+Hindi+GK+Quiz+2018","4.4","56","5","4","0","3","44"
"Toys Pop","Puzzle","MadOverGames","https://play.google.com/store/apps/dev?id=7022253202210463993","4.8","989","9","1","43","111","825"
"Garden Farm Legend","Casual","Cosmo Game","https://play.google.com/store/apps/developer?id=Cosmo+Game","4.6","228","3","0","15","45","165"
"KBC in Hindi 2018 : India General Knowledge","Educational","Crorepati India : Biggest Hindi GK Quiz 2018","https://play.google.com/store/apps/developer?id=Crorepati+India+:+Biggest+Hindi+GK+Quiz+2018","4.9","30","0","0","1","2","27"
"My Dream Spa Beauty Salon : Hair Saloon","Casual","GameiMake","https://play.google.com/store/apps/developer?id=GameiMake","4.4","94","11","1","2","10","70"
"Superhero Fighting Games 3D - War of Infinity Gods","Action","Next Action Games","https://play.google.com/store/apps/developer?id=Next+Action+Games","4.5","86","6","1","4","6","69"
"Ludo (original) : Star 2017 : Ludo star king","Board","Whiteberry Apps","https://play.google.com/store/apps/developer?id=Whiteberry+Apps","3.6","458","145","5","21","23","264"
"US Police Parking: Car Games","Simulation","Gaming Globe Inc.","https://play.google.com/store/apps/dev?id=8310920612688764575","4.5","48","5","0","1","1","41"
"Modern Bus Simulator 3d: Bus Driving Games 2018","Simulation","Desire PK","https://play.google.com/store/apps/dev?id=4687045479860634476","4.1","52","8","1","4","5","34"
"Indian Train Oil Tanker Uphill Train Simulator","Simulation","Roadster Inc - 3D Games Action & Simulation","https://play.google.com/store/apps/developer?id=Roadster+Inc+-+3D+Games+Action+%26+Simulation","4.1","54","10","1","2","4","37"
"Highway City Traffic Racing Game","Simulation","Super Trending Games","https://play.google.com/store/apps/developer?id=Super+Trending+Games","4.3","87","6","2","10","14","55"
"Street Ice Cream Shop - Summer Beach Carnival","Educational","Family Kids Games","https://play.google.com/store/apps/developer?id=Family+Kids+Games","4.6","65","4","0","2","4","55"
"Mortal Superhero Kombat gods Ring Battle Arena","Action","Superhero Fighting Games","https://play.google.com/store/apps/developer?id=Superhero+Fighting+Games","4.4","79","6","1","9","4","59"
"Street Racing in Car Simulator 2018 - Car Racer","Simulation","Crazy Gaming Studio","https://play.google.com/store/apps/developer?id=Crazy+Gaming+Studio","4.7","61","0","2","5","5","49"
"Billionaire Dad Luxury Life Real Family Games","Adventure","New Age Gamers","https://play.google.com/store/apps/developer?id=New+Age+Gamers","4.0","114","21","1","8","6","78"
"Cooking Blast","Casual","Bubble Shooter Artworks","https://play.google.com/store/apps/developer?id=Bubble+Shooter+Artworks","4.6","37","1","0","5","2","29"
"Jungle Hill Racing","Casual","marble.lab","https://play.google.com/store/apps/developer?id=marble.lab","4.5","129","8","2","9","9","101"
"Train Driving Super Simulator","Simulation","Volcano Gaming Studio","https://play.google.com/store/apps/developer?id=Volcano+Gaming+Studio","4.6","44","3","1","0","4","36"
"Uphill Off Road Bus City Coach Bus Simulator 2018","Simulation","Haxinator","https://play.google.com/store/apps/developer?id=Haxinator","4.4","70","6","0","5","6","53"
"Sweet Baby Daily Fun Activities","Educational","DeduToons","https://play.google.com/store/apps/developer?id=DeduToons","4.4","56","5","1","1","10","39"
"Tricky Bike Stunt Master Crazy Stuntman Bike Rider","Simulation","Jhatka Gamers","https://play.google.com/store/apps/developer?id=Jhatka+Gamers","4.6","53","3","1","2","1","46"
"Racing Rocket : Parkour Rivals","Racing","Rooster Games","https://play.google.com/store/apps/dev?id=7301927668178768809","4.5","127","8","0","9","11","99"
"super Subway : Train Surf run fun 3D","Racing","Swift runner","https://play.google.com/store/apps/developer?id=Swift+runner","4.6","25","1","0","1","5","18"
"US Army Truck Simulator","Simulation","Tap - Free Games","https://play.google.com/store/apps/developer?id=Tap+-+Free+Games","4.5","38","2","0","3","4","29"
"Robot Dolphin Transform Submarine: Army Robot Game","Simulation","Warm Milk Productions","https://play.google.com/store/apps/developer?id=Warm+Milk+Productions","4.7","31","2","0","0","1","28"
"Offroad Bus Transport Simulator","Simulation","Racing Games Android","https://play.google.com/store/apps/developer?id=Racing+Games+Android","4.4","62","6","2","3","4","47"
"Modern Flying Car Limousine Taxi Simulator Games","Simulation","Great Games Studio","https://play.google.com/store/apps/developer?id=Great+Games+Studio","3.9","16","2","1","3","0","10"
"Barber Shop Hair Salon Beard Hair Cutting Games 2","Casual","Crazy Games Lab","https://play.google.com/store/apps/dev?id=7174351842942600674","3.5","248","73","8","18","19","130"
"Pokemoon fire red version - Free GBA Classic Game","Strategy","dragonalphadev","https://play.google.com/store/apps/developer?id=dragonalphadev","4.6","506","31","5","16","39","415"
"Fast Food Stand - Fried Food Cooking Game","Educational","Junior Games Studio","https://play.google.com/store/apps/developer?id=Junior+Games+Studio","4.2","85","9","2","10","2","62"
"Shoot Bubbles","Casual","Free Bubble Shooter Games","https://play.google.com/store/apps/developer?id=Free+Bubble+Shooter+Games","4.6","149","5","2","10","18","114"
"US Train Hijack Rescue Ops Simulator","Action","Gamy Interactive","https://play.google.com/store/apps/dev?id=6808269291574978393","4.4","42","4","1","2","1","34"
"Stickman jailbreak 2018","Adventure","Starodymov","https://play.google.com/store/apps/developer?id=Starodymov","4.0","806","145","18","44","67","532"
"Desert Train Escape","Adventure","Games2Jolly","https://play.google.com/store/apps/dev?id=8827393609830729715","4.4","188","9","5","13","41","120"
"River Bridge Builds Construction: Free games","Simulation","Gaming Globe Inc.","https://play.google.com/store/apps/dev?id=8310920612688764575","4.3","109","11","2","12","7","77"
"Ball Balance Neon","Adventure","LM Inc","https://play.google.com/store/apps/developer?id=LM+Inc","4.5","114","5","1","8","17","83"
"City Police MotorBike 3D Driving Simulator","Simulation","Best Free Games.","https://play.google.com/store/apps/developer?id=Best+Free+Games.","4.0","40","6","3","2","2","27"
"Real Craft: City Builder","Adventure","Craft Apps Game Studio","https://play.google.com/store/apps/dev?id=8346296054173661689","4.2","825","99","16","72","68","570"
"FPS Action Doctrine: Free Action Games","Action","Gamers Hive","https://play.google.com/store/apps/developer?id=Gamers+Hive","4.4","177","13","3","11","20","130"
"Cooking cake bakery shop","Casual","LPRA STUDIO","https://play.google.com/store/apps/developer?id=LPRA+STUDIO","4.3","74","6","2","5","11","50"
"üéØ Stickman Archers: Archery Rampage","Arcade","Bazon","https://play.google.com/store/apps/developer?id=Bazon","4.4","4151","293","56","258","510","3034"
"US Army Transport Game ‚Äì Cargo Plane & Army Tanks","Simulation","Crazy Neuron Studio","https://play.google.com/store/apps/developer?id=Crazy+Neuron+Studio","4.6","44","3","1","0","2","38"
"Endless Street Runner","Arcade","AbsoLogix - 3D Games Studio","https://play.google.com/store/apps/developer?id=AbsoLogix+-+3D+Games+Studio","4.4","77","9","0","2","7","59"
"Subway Surf Train Fun Ultimate","Adventure","Mirza app","https://play.google.com/store/apps/developer?id=Mirza+app","4.4","14","1","0","2","1","10"
"Blaze Race The Skytrack","Racing","JOSEASTUR","https://play.google.com/store/apps/developer?id=JOSEASTUR","4.5","31","3","0","2","1","25"
"Mountain Sniper Shooter Elite Assassin","Action","Mini Studio","https://play.google.com/store/apps/developer?id=Mini+Studio","4.3","198","20","5","10","19","144"
"Heavy Coach Bus Simulation Game","Simulation","Gamrizer","https://play.google.com/store/apps/developer?id=Gamrizer","4.3","51","5","0","5","4","37"
"Pirate Quest Booty Match","Puzzle","Global Interactive","https://play.google.com/store/apps/developer?id=Global+Interactive","4.5","81","4","0","9","9","59"
"Cookie Match Fever","Casual","Funcell  Entertainment","https://play.google.com/store/apps/developer?id=Funcell++Entertainment","4.4","23","1","1","1","4","16"
"Indian Airplane Traveller","Simulation","Broship Survival Gaming Studio Free Simulator Game","https://play.google.com/store/apps/developer?id=Broship+Survival+Gaming+Studio+Free+Simulator+Game","3.9","30","7","1","0","1","21"
"Off-Road Trucker Mountain Drive Simulator","Simulation","Stain For Games","https://play.google.com/store/apps/developer?id=Stain+For+Games","4.3","36","5","0","1","4","26"
"US Helicopter 3D: Helicopter Games 2018","Simulation","Knock Solutions","https://play.google.com/store/apps/dev?id=8704285439933135692","4.9","22","0","0","1","1","20"
"Offroad Pickup Truck Simulator","Simulation","Oppana Games","https://play.google.com/store/apps/developer?id=Oppana+Games","4.6","690","45","5","30","46","564"
"Car Mountain Hill Driver - Climb Racing Game","Racing","Best Fun Games Racing Simulators","https://play.google.com/store/apps/developer?id=Best+Fun+Games+Racing+Simulators","4.3","50","6","1","2","2","39"
"Excavator Simulator - Construction Road Builder","Simulation","Level9 Studios","https://play.google.com/store/apps/developer?id=Level9+Studios","4.5","40","2","1","3","3","31"
"Bubble Pop Shooter 2019 - New Panda save babies","Puzzle","Kenpasea","https://play.google.com/store/apps/developer?id=Kenpasea","4.4","27","2","0","2","4","19"
"Shoot Strike 3D Gun Attack: Game of Civil War","Action","Trend of Action","https://play.google.com/store/apps/developer?id=Trend+of+Action","4.4","20","1","0","3","2","14"
"Sonam Kapoor Weds Anand Ahuja Wedding Game","Casual","Increase Mind Games","https://play.google.com/store/apps/developer?id=Increase+Mind+Games","4.5","60","3","3","3","3","48"
"Extreme Balancer 3","Adventure","Enteriosoft","https://play.google.com/store/apps/dev?id=8827829994088552831","4.5","140","9","2","10","14","105"
"Offroad Tuk Tuk Driving Simulator Free","Simulation","Racing Games Android","https://play.google.com/store/apps/developer?id=Racing+Games+Android","4.7","71","1","2","4","3","61"
"Cold Blooded Sniper Shooting","Action","RAY3D","https://play.google.com/store/apps/developer?id=RAY3D","4.2","198","20","6","17","21","134"
"My First Love Kiss Story - Cute Love Affair Game","Casual","GameiMake","https://play.google.com/store/apps/developer?id=GameiMake","4.0","33","4","0","7","4","18"
"Blood Test Doctor Hospital 2 : Injection Simulator","Educational","Happy Baby Games - Free Preschool Educational Apps","https://play.google.com/store/apps/dev?id=8042760936213298182","4.5","31","3","0","1","3","24"
"Superhero Wrestling Tag Team Ring Fighting Arena","Simulation","Alpha Games Studios: 3D Action Simulation","https://play.google.com/store/apps/developer?id=Alpha+Games+Studios:+3D+Action+Simulation","4.6","49","2","0","4","5","38"
"Flight Simulator 3D: Airplane Pilot","Simulation","Tap - Free Games","https://play.google.com/store/apps/developer?id=Tap+-+Free+Games","4.3","83","7","2","5","11","58"
"Bendy Tracks","Racing","Tap Tap Games - Huuuge","https://play.google.com/store/apps/dev?id=8478335903866170260","4.2","268","28","12","19","19","190"
"Indian Royal Wedding Ritual Fashion Salon","Casual","D2 Toons","https://play.google.com/store/apps/developer?id=D2+Toons","4.6","31","1","1","2","1","26"
"Mandrake Town","Simulation","Supertree Co., Ltd.","https://play.google.com/store/apps/dev?id=8096848405177240127","4.1","1269","118","62","104","217","768"
"City Bus Simulator 2018: Real Coach Bus Driving","Simulation","MAD Extreme Viral 3D Games Free","https://play.google.com/store/apps/developer?id=MAD+Extreme+Viral+3D+Games+Free","4.4","69","6","2","1","7","53"
"Princess Sofia Cleaning Home","Casual","BayaoSTD","https://play.google.com/store/apps/developer?id=BayaoSTD","4.4","37","3","1","2","2","29"
"Guide For Tekken 3 Fighting","Arcade","Cribes","https://play.google.com/store/apps/developer?id=Cribes","4.1","17","3","1","0","1","12"
"Multi Floor Garage Driver","Racing","Play With Games","https://play.google.com/store/apps/developer?id=Play+With+Games","4.6","146","6","2","12","10","116"
"Motu Racing Bike Game","Racing","appsshore","https://play.google.com/store/apps/developer?id=appsshore","4.2","17","3","0","0","1","13"
"Neighbor","Simulation","Oppana Games","https://play.google.com/store/apps/developer?id=Oppana+Games","4.2","1561","202","49","104","142","1064"
"Gangster New Crime Mafia Vegas City","Action","Swat Action Games","https://play.google.com/store/apps/developer?id=Swat+Action+Games","4.0","140","26","5","9","9","91"
"Offroad US Army Vehicle Driving","Simulation","Zee Vision Games","https://play.google.com/store/apps/developer?id=Zee+Vision+Games","4.3","31","3","2","2","1","23"
"Dream Doll Boutique - Make & Design","Casual","Kiwi Go","https://play.google.com/store/apps/developer?id=Kiwi+Go","4.5","219","12","6","13","21","167"
"Truck Driving Games 2018:Indian Cargo Truck Driver","Simulation","MAD Extreme Viral 3D Games Free","https://play.google.com/store/apps/developer?id=MAD+Extreme+Viral+3D+Games+Free","4.8","13","0","0","1","0","12"
"Scorpio Car Racing Simulator","Simulation","Nit'X  Games","https://play.google.com/store/apps/developer?id=Nit%27X++Games","4.4","57","6","1","1","7","42"
"City Pipeline Construction: Plumber work","Simulation","Sablo Games","https://play.google.com/store/apps/developer?id=Sablo+Games","4.3","36","4","1","1","3","27"
"Snow Storm Moto Avalanche: Mountain Bike Climbing","Racing","Great Games Studio","https://play.google.com/store/apps/developer?id=Great+Games+Studio","4.4","29","3","0","2","2","22"
"Superhero Captain Robot Flying Newyork City War","Action","Superheroz Action","https://play.google.com/store/apps/developer?id=Superheroz+Action","4.3","429","54","7","23","35","310"
"Stickman Hunter","Action","Flyz You","https://play.google.com/store/apps/developer?id=Flyz+You","4.5","11","1","0","0","1","9"
"Ludo","Board","Game Studio Lab","https://play.google.com/store/apps/developer?id=Game+Studio+Lab","4.1","91","10","1","14","9","57"
"Printer Scanner & Photocopier Learning Simulator","Educational","Good Kids Studio","https://play.google.com/store/apps/developer?id=Good+Kids+Studio","4.4","88","10","2","3","5","68"
"Cookie Jam","Puzzle","Cookies Game","https://play.google.com/store/apps/developer?id=Cookies+Game","5.0","1","0","0","0","0","1"
"Archer Deer Hunter Free","Action","CoveTech Games","https://play.google.com/store/apps/developer?id=CoveTech+Games","3.8","53","11","0","5","9","28"
"Offroad Prado Car Driver Fortuner Racing Simulator","Simulation","Zaptim Games Free Fun & Action & Simulation Apps","https://play.google.com/store/apps/developer?id=Zaptim+Games+Free+Fun+%26+Action+%26+Simulation+Apps","4.6","54","2","0","4","5","43"
"Love Lover Balls","Puzzle","Free Brain Games 2018","https://play.google.com/store/apps/developer?id=Free+Brain+Games+2018","4.1","30","5","0","2","3","20"
"Barber Shop Beard Salon & Hair Cutting Games","Simulation","Appricot Studio - 2D Games","https://play.google.com/store/apps/dev?id=8557704091339578193","4.0","47","9","1","2","4","31"
"Head Ball 2","Sports","Masomo Gaming","https://play.google.com/store/apps/developer?id=Masomo+Gaming","4.2","94750","14053","2008","3637","6196","68856"
"Sports Cars Racing: Chasing Cars on Miami Beach","Racing","Tiny Lab Games","https://play.google.com/store/apps/dev?id=5276432544756442683","4.7","165","4","3","4","14","140"
"Royal Baby Run - Get That Baby","Arcade","Megus Games","https://play.google.com/store/apps/developer?id=Megus+Games","4.6","34","1","0","4","3","26"
"Elite SWAT - counter terrorist game","Arcade","JOYNOWSTUDIO","https://play.google.com/store/apps/developer?id=JOYNOWSTUDIO","4.5","7940","396","116","431","987","6010"
"US Army Cadets Training Game","Simulation","Game Sonics Inc","https://play.google.com/store/apps/dev?id=8570829073560324764","4.4","33","3","0","3","3","24"
"Barber Shop Hair Salon Cut Hair Cutting Games 3D","Simulation","Appatrix Games","https://play.google.com/store/apps/dev?id=5717648398602498402","3.5","889","271","27","56","68","467"
"Robot Unicorn Bike Transform Battleground Royale","Action","Warm Milk Productions","https://play.google.com/store/apps/developer?id=Warm+Milk+Productions","4.6","10","1","0","0","0","9"
"Dino War","Strategy","KingsGroup Holdings","https://play.google.com/store/apps/developer?id=KingsGroup+Holdings","4.0","14111","2235","544","981","1173","9178"
"Critical Counter Night Army Frontline Shooter","Strategy","Tag Action Games","https://play.google.com/store/apps/dev?id=5424941405051437978","4.3","159","20","1","10","16","112"
"Viking Heroes War","Strategy","Lab Cave Games","https://play.google.com/store/apps/dev?id=5425858462510307651","4.3","112","11","5","4","9","83"
"Car Parking Driver 3D","Simulation","Racing Games Android","https://play.google.com/store/apps/developer?id=Racing+Games+Android","4.1","22","3","0","3","2","14"
"My Little Pet Shop Cash Register Cashier Games","Casual","Crazy Games Lab","https://play.google.com/store/apps/dev?id=7174351842942600674","4.8","20","0","0","0","3","17"
"Beach Head War","Action","Animal Hunter Simulation 3D","https://play.google.com/store/apps/developer?id=Animal+Hunter+Simulation+3D","4.3","22","4","0","0","0","18"
"Euro Truck Driving Sim 2018 3D","Simulation","Best Free Games.","https://play.google.com/store/apps/developer?id=Best+Free+Games.","4.4","56","3","1","7","6","39"
"Ramboat 2 - The metal soldier shooting game","Action","Genera Games","https://play.google.com/store/apps/dev?id=7309208351846755609","4.6","939","41","12","40","140","706"
"US Army Missile Truck Transport Cruise Ship Games","Simulation","White Sand - 3D Games Studio","https://play.google.com/store/apps/dev?id=6997325743603268469","4.1","13","2","1","0","1","9"
"Snakes and Ladders","Board","Appindia Technologies","https://play.google.com/store/apps/dev?id=5413790841388155219","4.1","16","1","1","3","2","9"
"Pocket Fairies","Strategy","Huifeng Yu","https://play.google.com/store/apps/developer?id=Huifeng+Yu","4.7","249","8","3","7","18","213"
"Kong rush - banana run","Arcade","Nova Game Lab","https://play.google.com/store/apps/developer?id=Nova+Game+Lab","4.6","28","1","1","1","3","22"
"Real Virtual Family Working Mother Game 2018","Simulation","High Flame Studios","https://play.google.com/store/apps/developer?id=High+Flame+Studios","4.1","22","3","1","1","3","14"
"Car Multi Parking","Simulation","Gaming World Inc.","https://play.google.com/store/apps/dev?id=5367497935076945448","4.5","68","5","3","1","0","59"
"Army Anti-Terrorism Sniper Strike - SWAT Shooter","Action","Thunderstorm Studio - Free Fun Games","https://play.google.com/store/apps/developer?id=Thunderstorm+Studio+-+Free+Fun+Games","4.3","135","8","5","15","11","96"
"Car And Furious - Crash Car","Arcade","ZokoGame","https://play.google.com/store/apps/developer?id=ZokoGame","4.3","20","2","0","1","3","14"
"Ludo","Board","Hadiware","https://play.google.com/store/apps/developer?id=Hadiware","4.9","32","0","0","2","0","30"
"Off Road Monster Truck : Ford Raptor Xtreme Racing","Racing","EDGE GAMING STUDIO","https://play.google.com/store/apps/dev?id=7544410574106778247","4.8","37","0","1","1","2","33"
"Transforming Revengers Robot","Simulation","TAG Robots Simulation Games","https://play.google.com/store/apps/developer?id=TAG+Robots+Simulation+Games","4.3","72","7","3","4","6","52"
"US Sniper Front Survival Attack 3D","Action","IBM Games","https://play.google.com/store/apps/developer?id=IBM+Games","4.0","38","6","2","4","1","25"
"Mission IGI 2 - US Army FPS Commando Hijack Rescue","Action","The New Games","https://play.google.com/store/apps/dev?id=4825759589373417834","4.4","144","14","2","7","11","110"
"Offroad Cargo Truck Drive Simulator 2018","Simulation","Curvee Tech","https://play.google.com/store/apps/developer?id=Curvee+Tech","4.4","62","5","0","6","7","44"
"US Army Transport Game: Military Cargo Plane Games","Simulation","BrilliantLogic Games","https://play.google.com/store/apps/developer?id=BrilliantLogic+Games","4.7","33","0","1","2","3","27"
"Stock Car Racing 2018","Racing","Tap - Free Games","https://play.google.com/store/apps/developer?id=Tap+-+Free+Games","4.2","160","17","4","12","16","111"
"Excavator Simulator Backhoe Loader Dozer Game","Simulation","TKS Games","https://play.google.com/store/apps/dev?id=4847555176941284705","4.5","109","6","3","7","11","82"
"Super Spider Shooting Battle - Hero vs Gangsters","Action","2K18 games","https://play.google.com/store/apps/developer?id=2K18+games","4.5","77","4","3","2","8","60"
"Offroad Driving Adventure : Jeep Stunt 2018","Simulation","Model Games Studio","https://play.google.com/store/apps/dev?id=5542963294365993079","4.7","33","1","1","0","3","28"
"Sports Car Parking","Simulation","Racing Games Android","https://play.google.com/store/apps/developer?id=Racing+Games+Android","4.4","19","1","1","2","0","15"
"Multi Robot Transform Police Dog, Tiger & Wildcat","Action","Kick Time Studios","https://play.google.com/store/apps/dev?id=7928658162170743765","4.7","12","1","0","0","0","11"
"Brain Box On Physics Truck","Puzzle","Game Mobi Plus","https://play.google.com/store/apps/developer?id=Game+Mobi+Plus","4.2","386","41","12","33","43","257"
"Block Puzzle Jewel","Puzzle","Leaf Cottage","https://play.google.com/store/apps/developer?id=Leaf+Cottage","4.8","12","0","0","0","2","10"
"Emulator for SNES - Arcade Classic Games","Arcade","H2 Coop","https://play.google.com/store/apps/developer?id=H2+Coop","4.6","774","27","10","31","88","618"
"Deadly Dinosaur Hunter Deadly Dino Hunter Shores","Simulation","Big Bites Games","https://play.google.com/store/apps/developer?id=Big+Bites+Games","4.5","35","1","0","5","3","26"
"Mermaid Secrets13-Secret Admirer","Role Playing","JoyPlus Technology Co., Ltd.","https://play.google.com/store/apps/developer?id=JoyPlus+Technology+Co.,+Ltd.","4.7","1188","32","9","38","75","1034"
"Heavy Truck Robot Giant Truck Driver Simulator","Simulation","Roadster Inc - 3D Games Action & Simulation","https://play.google.com/store/apps/developer?id=Roadster+Inc+-+3D+Games+Action+%26+Simulation","4.5","17","1","1","0","2","13"
"City Trail Stunt Motorbike","Simulation","Gameza Inc","https://play.google.com/store/apps/developer?id=Gameza+Inc","4.8","29","1","0","1","0","27"
"Airplane Pilot Parking Duty : Airplane Marshaling","Simulation","The Game Link","https://play.google.com/store/apps/developer?id=The+Game+Link","4.6","30","2","0","2","1","25"
"Traffic police officer traffic cop simulator 2018","Simulation","Vinegar Games","https://play.google.com/store/apps/dev?id=5813453899714431792","4.4","47","5","1","2","1","38"
"Frontline Army Squad : Fortnight FPS Shooting Free","Action","Action Trend Games","https://play.google.com/store/apps/developer?id=Action+Trend+Games","4.1","62","9","3","2","5","43"
"US Army Transporter Rescue Ambulance Driving Games","Simulation","Titan Game Productions","https://play.google.com/store/apps/dev?id=5932082780178314329","4.6","89","1","4","6","8","70"
"PRO Building Construction Games: Heavy Excavator","Simulation","Voltage Games","https://play.google.com/store/apps/developer?id=Voltage+Games","4.3","44","3","1","4","6","30"
"Ultimate Ironman Robot Hero: Iron revenge last man","Action","Steavapps Inc","https://play.google.com/store/apps/developer?id=Steavapps+Inc","3.9","126","27","1","9","8","81"
"Pak Vs Indian Bus Race Simulator","Simulation","Entertainment Riders","https://play.google.com/store/apps/developer?id=Entertainment+Riders","4.4","71","7","1","4","7","52"
"Shadow Fight Heroes - Dark Souls Stickman Legend","Adventure","Firevils Game","https://play.google.com/store/apps/developer?id=Firevils+Game","4.5","166","6","6","17","13","124"
"Lovely Piano Tiles","Music","L-Dev","https://play.google.com/store/apps/developer?id=L-Dev","4.4","78","5","2","5","8","58"
"US Army Training College - Elite Commando School","Simulation","Free Action Games.","https://play.google.com/store/apps/developer?id=Free+Action+Games.","4.1","19","4","0","0","2","13"
"‚ùÑ Modern Sisters Princess Makeup Dress up Game ‚ù§","Simulation","Dzen90","https://play.google.com/store/apps/developer?id=Dzen90","4.6","220","7","2","15","24","172"
"Super Parking Car Drive","Simulation","Gamors","https://play.google.com/store/apps/developer?id=Gamors","4.8","19","0","0","0","3","16"
"Indian Royal Engagement Salon and Wedding Rituals","Casual","King Empire Games Inc.","https://play.google.com/store/apps/developer?id=King+Empire+Games+Inc.","4.4","25","2","0","2","2","19"
"Superheroes lush Cars Waterfall Stunts","Racing","We Play Studio","https://play.google.com/store/apps/developer?id=We+Play+Studio","4.1","17","3","1","0","1","12"
"Monster Superhero: NYC Bank Robbery Escape Plan","Action","Tekbash","https://play.google.com/store/apps/dev?id=6680115612213221010","4.0","2","0","0","1","0","1"
"Shiva The Saviour","Casual","TANGIAPPS IT SOLUTION PRIVATE LIMITED","https://play.google.com/store/apps/developer?id=TANGIAPPS+IT+SOLUTION+PRIVATE+LIMITED","4.7","11","0","0","1","1","9"
"Fight Tekken 3 Trick","Action","Cramter","https://play.google.com/store/apps/developer?id=Cramter","4.4","13","2","0","0","0","11"
"Avengers vs Thanos","Action","CodeLonely","https://play.google.com/store/apps/developer?id=CodeLonely","3.9","65","12","4","2","7","40"
"Samurai 2","Action","puzzle game for born","https://play.google.com/store/apps/dev?id=6299963233645395034","4.8","134","2","2","1","16","113"
"Japanese party: Sushi cooking","Casual","Hippo Kids Games","https://play.google.com/store/apps/dev?id=8700338206493841446","4.6","432","22","5","16","20","369"
"Blossom Witch - Flower Blast Crush Match 3 Puzzle","Board","Blossom blitz saga, Flower free match three games","https://play.google.com/store/apps/developer?id=Blossom+blitz+saga,+Flower+free+match+three+games","4.5","124","4","0","13","16","91"
"My Little Sister Grow Up Life Story","Casual","Kiddle Fiddle","https://play.google.com/store/apps/dev?id=7009233133390350752","4.6","42","2","0","2","6","32"
"Indian Train Simulator 2018 Train Driving Games 3D","Simulation","Haxinator","https://play.google.com/store/apps/developer?id=Haxinator","4.1","43","7","0","2","5","29"
"Gangster Final Gangwar Crime Mission","Action","Rexpo","https://play.google.com/store/apps/developer?id=Rexpo","4.2","33","3","1","3","4","22"
"Truck Simulator Cargo Engine 2018 Best Simulator","Simulation","Kingo Disco Games","https://play.google.com/store/apps/developer?id=Kingo+Disco+Games","3.7","65","16","0","6","7","36"
"Town City - Village Building Sim Paradise Game 4 U","Simulation","Sparkling Society - Sims Farm Town & CCG/TCG Games","https://play.google.com/store/apps/dev?id=7874214349379810765","4.5","1951","73","45","103","271","1459"
"Pokemoon leaf green version Free GBA Classic Game","Arcade","dragonalphadev","https://play.google.com/store/apps/developer?id=dragonalphadev","4.5","145","11","2","8","3","121"
"Fruit Cubes Blast - Tap Puzzle Legend","Casual","Paper Mobile","https://play.google.com/store/apps/developer?id=Paper+Mobile","4.6","48","1","1","3","4","39"
"City Coach Bus Simulator Parking Drive","Simulation","Top New Simulation Games","https://play.google.com/store/apps/developer?id=Top+New+Simulation+Games","4.6","60","3","1","3","5","48"
"Birds Hunter Valley","Action","RS Games Studio","https://play.google.com/store/apps/developer?id=RS+Games+Studio","4.2","143","20","3","11","10","99"
"Racing in Car Limits","Racing","Tekerlek Free Games","https://play.google.com/store/apps/developer?id=Tekerlek+Free+Games","4.7","224","4","1","10","33","176"
"Super Hero Fort City Survival War","Simulation","Tag Action Games","https://play.google.com/store/apps/dev?id=5424941405051437978","4.5","144","10","0","9","11","114"
"Deadly Dinosaur Hunter Revenge Fps Survival Game","Strategy","Jhatka Gamers","https://play.google.com/store/apps/developer?id=Jhatka+Gamers","4.4","21","2","0","2","0","17"
"Shopping Mall Toy Train Simulator Driving Games","Simulation","Games Stop Studio","https://play.google.com/store/apps/dev?id=5491963132555144993","4.4","35","2","1","4","2","26"
"White Wild Tiger Family Survival 3D","Simulation","Clans","https://play.google.com/store/apps/dev?id=5794461478764071723","4.6","28","2","0","0","3","23"
"Castle Creeps Battle","Strategy","Outplay Entertainment Ltd","https://play.google.com/store/apps/dev?id=5587345788514684720","4.2","277","33","5","28","25","186"
"Super Train Simulator 2018 - Train Sim","Simulation","Beta Games Studio","https://play.google.com/store/apps/developer?id=Beta+Games+Studio","4.0","2","0","0","1","0","1"
"Jio TV Live Finger Cricket  Game- IPL","Sports","Sports Tv Apps","https://play.google.com/store/apps/developer?id=Sports+Tv+Apps","4.9","10","0","0","0","1","9"
"Death Racing Car Traffic Shooting Race","Action","Oreo Studio - Best Shooting Games For Free","https://play.google.com/store/apps/developer?id=Oreo+Studio+-+Best+Shooting+Games+For+Free","4.5","86","6","0","4","9","67"
"Cop Duty Police Car Simulator","Simulation","Game Pickle","https://play.google.com/store/apps/developer?id=Game+Pickle","4.5","92","4","1","7","9","71"
"Paw Patrol Adventure Run World","Adventure","ES29666","https://play.google.com/store/apps/developer?id=ES29666","4.0","14","2","2","0","0","10"
"Cover Fire Strike  : Elite FPS Death Match 2018","Action","i20","https://play.google.com/store/apps/developer?id=i20","4.4","48","4","1","4","3","36"
"Sky Rusher","Arcade","VOODOO","https://play.google.com/store/apps/developer?id=VOODOO","4.3","414","45","6","31","36","296"
"Space Frontier 2","Arcade","Ketchapp","https://play.google.com/store/apps/dev?id=6054197513203380012","4.6","1505","70","18","78","131","1208"
"US Survival Commando Strike 2018","Action","Ice Touch","https://play.google.com/store/apps/developer?id=Ice+Touch","3.9","38","7","1","3","4","23"
"Ludo King 2018","Puzzle","Pixel Sandbox Coloring Pages By Number","https://play.google.com/store/apps/developer?id=Pixel+Sandbox+Coloring+Pages+By+Number","4.0","24","3","2","1","3","15"
"Wood Block Puzzle","Casual","Block Puzzle And Pixel Art Game","https://play.google.com/store/apps/developer?id=Block+Puzzle+And+Pixel+Art+Game","4.8","72","1","0","5","3","63"
"Heavy Tractor Drive Simulator 3D","Simulation","XEN Studios","https://play.google.com/store/apps/developer?id=XEN+Studios","4.5","34","2","1","2","2","27"
"Bubble Shooter Islet","Adventure","5 Star Games","https://play.google.com/store/apps/developer?id=5+Star+Games","4.6","80","3","0","5","14","58"
"Shopping Mall Parking Lot","Racing","Play With Games","https://play.google.com/store/apps/developer?id=Play+With+Games","4.4","600","44","13","35","56","452"
"Tiny Striker La Liga 2018","Sports","Liga de F√∫tbol Profesional","https://play.google.com/store/apps/dev?id=6013359427889042354","3.8","820","170","37","63","72","478"
"Jurassic Hunter - Dinosaur Safari Animal Sniper","Action","Scene9 Games Studio","https://play.google.com/store/apps/dev?id=5500026424312284795","4.5","24","1","1","1","2","19"
"Tron Bike Racing Games Free - Tricky Bike Stunts","Simulation","Temok Studios","https://play.google.com/store/apps/developer?id=Temok+Studios","4.3","27","3","1","0","3","20"
"Fruit Candy World","Puzzle","Tap Run","https://play.google.com/store/apps/developer?id=Tap+Run","4.4","220","10","7","16","36","151"
"Airline Manager 3","Simulation","Xombat Development","https://play.google.com/store/apps/dev?id=4957026383745143548","4.1","1383","134","54","136","307","752"
"Dungeon Hunter Champions: Epic Online Action RPG","Role Playing","Gameloft","https://play.google.com/store/apps/dev?id=6258770168633898802","4.1","18091","2138","640","1201","2592","11520"
"Escape Bubble","Adventure","Match 3 Fun Games","https://play.google.com/store/apps/dev?id=6248802720099859869","4.4","166","10","1","19","19","117"
"GTR Traffic Rivals","Racing","Azur Interactive Games Limited","https://play.google.com/store/apps/dev?id=5464069849262017456","4.4","731","70","14","34","48","565"
"Virtual Mother Family Game: Working Mom Simulator","Adventure","Trend Entertainment Games","https://play.google.com/store/apps/dev?id=6107092709638492733","3.9","422","81","12","35","41","253"
"Power Up Bubbles","Arcade","Blast 2 Fun Games","https://play.google.com/store/apps/dev?id=5057058873634489942","4.4","208","6","4","17","45","136"
"Kids hospital","Role Playing","Games from yovogames for your family!","https://play.google.com/store/apps/dev?id=7868523930156414039","3.7","59","11","3","7","7","31"
"Color Dash","Arcade","Glad Games","https://play.google.com/store/apps/developer?id=Glad+Games","4.5","249","15","4","15","18","197"
"Royal Indian Girl Fashion Salon For Wedding","Casual","A Square Games","https://play.google.com/store/apps/dev?id=5703840311168245615","4.8","40","0","0","3","1","36"
"Grand Mafia Crime Vegas: Survive and Fight","Action","Mafiagames Craft Entertainment","https://play.google.com/store/apps/developer?id=Mafiagames+Craft+Entertainment","4.3","157","20","2","8","8","119"
"Chinese Food Court Super Chef Story Cooking Games","Casual","Crazy Games Lab","https://play.google.com/store/apps/dev?id=7174351842942600674","4.2","149","14","2","14","34","85"
"Shooting Tank Parking Simulation","Simulation","Saga Games Inc","https://play.google.com/store/apps/developer?id=Saga+Games+Inc","4.7","14","0","0","0","4","10"
"Samurai Shadow Fighter PRO: Kung Fu Combat Warrior","Action","Fighting Arena","https://play.google.com/store/apps/developer?id=Fighting+Arena","4.4","59","3","1","9","5","41"
"Water Floating Car Race","Simulation","Gamrizer","https://play.google.com/store/apps/developer?id=Gamrizer","4.4","40","2","1","4","3","30"
"Tommy World","Adventure","Cypek","https://play.google.com/store/apps/developer?id=Cypek","3.9","58","9","0","10","5","34"
"Police Car Real Drift Simulator","Simulation","Game Tap","https://play.google.com/store/apps/developer?id=Game+Tap","4.0","66","13","3","1","4","45"
"Word Search","Puzzle","Word Game Trivia","https://play.google.com/store/apps/developer?id=Word+Game+Trivia","4.7","372","4","4","18","51","295"
"Superhero Fighting Fort Survival Night Revenge","Action","KARATECH - Free Games","https://play.google.com/store/apps/developer?id=KARATECH+-+Free+Games","4.5","91","1","0","11","18","61"
"Truck Parking Simulator Free 2","Simulation","Mini Art Studios","https://play.google.com/store/apps/developer?id=Mini+Art+Studios","4.3","68","8","3","2","4","51"
"Virtual Sheikh Happy Family Billionaire Life Style","Simulation","Clans","https://play.google.com/store/apps/dev?id=5794461478764071723","4.3","78","9","4","2","4","59"
"Ultimate KungFu Grand Superhero Dead Fighting Pool","Action","Top Action Games","https://play.google.com/store/apps/developer?id=Top+Action+Games","4.5","82","6","1","4","8","63"
"Mobile Taxi Simulator: Taxi Driving Games","Simulation","play.io","https://play.google.com/store/apps/developer?id=play.io","4.1","15","2","0","2","1","10"
"Superhero Man Fighting: City Crime Battle","Action","HsGame Adventure","https://play.google.com/store/apps/developer?id=HsGame+Adventure","4.4","74","6","1","4","7","56"
"Event Management & Decoration","Casual","GameiMake","https://play.google.com/store/apps/developer?id=GameiMake","4.6","47","1","0","5","7","34"
"Truck Racing 2018","Simulation","Best Free Games Ltd","https://play.google.com/store/apps/developer?id=Best+Free+Games+Ltd","4.5","86","4","2","4","9","67"
"Secret Agent US Army : TPS Shooting Game","Action","Real Action & Simulation Games- Apex Games","https://play.google.com/store/apps/dev?id=5284830156670246270","4.4","53","6","0","3","3","41"
"Car Driver Extreme Drift Simulator 2018","Simulation","Monarchor","https://play.google.com/store/apps/developer?id=Monarchor","4.3","14","2","0","1","0","11"
"Monster Truck Shadow: Free Racing Car","Simulation","acstudio","https://play.google.com/store/apps/developer?id=acstudio","4.4","29","3","0","2","1","23"
"Ludo - Dice Game","Board","Goldmine Developer","https://play.google.com/store/apps/dev?id=6180193966324706596","4.4","70","7","1","3","6","53"
"Critical IGI Frontier Mission: TPS Shooting Strike","Action","Trend of Action","https://play.google.com/store/apps/developer?id=Trend+of+Action","4.1","92","14","5","3","10","60"
"US Cargo Ship Hijack: Rescue Mission 2","Action","Galatic Games Inc","https://play.google.com/store/apps/dev?id=8805183958127420120","3.8","18","4","1","0","3","10"
"US Amry Incredible Monster: Prison Transport Game","Simulation","Tekbash","https://play.google.com/store/apps/dev?id=6680115612213221010","3.8","6","1","1","0","0","4"
"Hotstar Live Cricket Game - IPL","Sports","Sports Tv Apps","https://play.google.com/store/apps/developer?id=Sports+Tv+Apps","4.0","9","2","0","0","1","6"
"Temple Adventure Run Oz","Adventure","DU Game","https://play.google.com/store/apps/developer?id=DU+Game","4.5","23","1","1","1","2","18"
"Offroad Bus Game","Simulation","AppsValley","https://play.google.com/store/apps/developer?id=AppsValley","4.7","13","1","0","0","0","12"
"Racing Drift Fast Speed : Road Racer","Racing","iRacing Games","https://play.google.com/store/apps/dev?id=7351193028544640701","3.8","13","1","1","3","2","6"
"Just 2 Pics 1 Word - Fun Guess Words","Word","Game Studio Flash","https://play.google.com/store/apps/dev?id=8264278221503661667","4.8","39","0","1","1","3","34"
"Dream 11 2018","Sports","sai solusion","https://play.google.com/store/apps/developer?id=sai+solusion","4.6","57","3","0","6","1","47"
"My Sweet Candy Shop","Casual","OneTech Studio","https://play.google.com/store/apps/developer?id=OneTech+Studio","4.6","38","3","0","1","2","32"
"Guide for Subway Surf","Strategy","gearo app","https://play.google.com/store/apps/developer?id=gearo+app","4.5","111","10","0","6","6","89"
"HQ Taxi Driving 3D","Simulation","Tap2Play, LLC (Ticker: TAPM)","https://play.google.com/store/apps/developer?id=Tap2Play,+LLC+%28Ticker:+TAPM%29","4.3","46","6","0","2","3","35"
"Solitaire Stars - Klondike Card game","Card","DOD Media Group","https://play.google.com/store/apps/dev?id=9104457198089339529","4.1","17","3","1","0","1","12"
"Mystery Egyptian Kings","Puzzle","GS Warriors VS Rocket","https://play.google.com/store/apps/developer?id=GS+Warriors+VS+Rocket","4.5","114","2","1","10","21","80"
"Protector of Earth War Alien","Action","KariMum Production","https://play.google.com/store/apps/developer?id=KariMum+Production","4.5","458","48","4","13","20","373"
"Loader Truck Transport 3D","Simulation","Saga Games Inc","https://play.google.com/store/apps/developer?id=Saga+Games+Inc","4.2","12","1","0","2","1","8"
"Hints WWE 2K17 Smackdown","Arcade","Bofallo Inc","https://play.google.com/store/apps/developer?id=Bofallo+Inc","3.7","23","6","1","2","0","14"
"Godline - 1LINE - One stroke - Puzzle Game 2018","Puzzle","DarkSoul","https://play.google.com/store/apps/developer?id=DarkSoul","3.6","31","9","1","1","2","18"
"Super Robot Fighters : Galaxy Legacy Warrior","Action","2K18 games","https://play.google.com/store/apps/developer?id=2K18+games","4.7","20","1","0","0","3","16"
"Cover Attack: Deadly Shooters","Action","Scomz","https://play.google.com/store/apps/developer?id=Scomz","4.0","48","8","1","4","7","28"
"The Angry Wolf Simulator : Werewolf Games","Simulation","MIGHTY GT","https://play.google.com/store/apps/dev?id=5399402820103367739","4.4","18","2","1","0","0","15"
"Panda Cube Crush","Casual","Funcell  Entertainment","https://play.google.com/store/apps/developer?id=Funcell++Entertainment","4.5","27","1","1","2","3","20"
"boboiboy hero adventure","Adventure","Future MAVIS","https://play.google.com/store/apps/dev?id=6349467197750950371","4.5","101","4","2","10","4","81"
"Cooking Blast - Restaurant Foodie Express","Casual","Girl Games - Vasco Games","https://play.google.com/store/apps/developer?id=Girl+Games+-+Vasco+Games","4.4","11","1","0","1","1","8"
"Watermelon Shooting - Free Fruit Shooting Games 3D","Simulation","Zaws Studio","https://play.google.com/store/apps/developer?id=Zaws+Studio","4.8","17","0","0","1","2","14"
"Free Flight Simulator: Airplane Fly 3D","Simulation","Gamers Trend","https://play.google.com/store/apps/dev?id=8517959265305990625","4.0","87","14","2","7","8","56"
"Word Finder","Word","JKSOL - Step To Forward","https://play.google.com/store/apps/developer?id=JKSOL+-+Step+To+Forward","4.5","17","1","0","2","1","13"
"Auto Theft Gang Wars","Action","Tap - Free Games","https://play.google.com/store/apps/developer?id=Tap+-+Free+Games","4.6","84","5","1","5","4","69"
"Flip Bubbles","Arcade","Fun Match 3 Games","https://play.google.com/store/apps/dev?id=7101346334273770676","4.4","138","4","5","11","28","90"
"Plumber 3: Plumber Pipes Connect Game","Puzzle","King of Adventure","https://play.google.com/store/apps/developer?id=King+of+Adventure","4.3","88","9","0","9","8","62"
"Gangcraft","Strategy","UFUN MOBI","https://play.google.com/store/apps/developer?id=UFUN+MOBI","4.1","66","14","0","1","3","48"
"Fabulous - Angela's Wedding Disaster üë∞ ü§µ","Casual","GameHouse","https://play.google.com/store/apps/dev?id=8768606447367526700","4.6","8331","282","100","344","1033","6572"
"Bus & Taxi Driving Simulator","Racing","Play With Games","https://play.google.com/store/apps/developer?id=Play+With+Games","4.5","229","11","3","14","23","178"
"Emily at the Amusement Park","Casual","bweb media","https://play.google.com/store/apps/developer?id=bweb+media","4.2","5","0","0","2","0","3"
"X Drifting","Racing","Creation Game Studio","https://play.google.com/store/apps/developer?id=Creation+Game+Studio","3.8","422","92","18","34","31","247"
"Shocksquatch Shooter - Ben Alien Psyphon Shooter","Adventure","BlackDog Mobi","https://play.google.com/store/apps/developer?id=BlackDog+Mobi","5.0","1","0","0","0","0","1"
"Monster Truck Tricky Stunt Race","Simulation","Spirit Games Studio","https://play.google.com/store/apps/developer?id=Spirit+Games+Studio","4.5","32","3","0","1","1","27"
"Car Parking 3D Adventure 2018","Simulation","Curvee Tech","https://play.google.com/store/apps/developer?id=Curvee+Tech","4.3","3","0","0","1","0","2"
"New Doodle  Army 3 Mini Militia Trick","Adventure","Royales","https://play.google.com/store/apps/developer?id=Royales","4.5","13","1","0","1","0","11"
"Innova Car Racing Simulator","Simulation","Nit'X  Games","https://play.google.com/store/apps/developer?id=Nit%27X++Games","4.6","63","5","0","2","4","52"
"City Smasher Angry Gorilla Simulator: Rampage Game","Action","Kingdom Studios - Free Action Games","https://play.google.com/store/apps/developer?id=Kingdom+Studios+-+Free+Action+Games","4.4","13","0","0","3","2","8"
"Superhero Girl Prom Clash","Role Playing","Libii","https://play.google.com/store/apps/dev?id=7670331570699900357","4.4","272","21","5","24","29","193"
"Newborn sister","Role Playing","yuangamesapp","https://play.google.com/store/apps/developer?id=yuangamesapp","4.5","64","3","1","5","6","49"
"Blocky Parkour 3D","Simulation","ProdigyDev","https://play.google.com/store/apps/developer?id=ProdigyDev","3.4","5167","1551","211","453","429","2523"
"Police dog hero crime city cop k9 dog simulator 3D","Action","Games Stop Studio","https://play.google.com/store/apps/dev?id=5491963132555144993","4.8","8","0","0","1","0","7"
"Best Dad In The World","Educational","GameiMake","https://play.google.com/store/apps/developer?id=GameiMake","4.4","15","1","0","0","5","9"
"Multi Robot Transform Wolf, Snake, Falcon & Lizard","Action","Kick Time Studios","https://play.google.com/store/apps/dev?id=7928658162170743765","4.5","16","2","0","0","0","14"
"Elite Army Training Free V2","Action","Gamebook Studios","https://play.google.com/store/apps/dev?id=5047282581312997138","4.7","15","0","1","0","2","12"
"Car Transporter Cargo Truck Driving Game 2018","Simulation","Tech 3D Games Studios","https://play.google.com/store/apps/dev?id=4653793284141226364","4.5","42","2","1","2","5","32"
"Fruit Blast : The Juicy Block Game","Puzzle","Games of Queen","https://play.google.com/store/apps/developer?id=Games+of+Queen","4.8","26","1","0","0","2","23"
"Indian Girl Engagement & Royal Pre-Wedding Rituals","Casual","TabLab","https://play.google.com/store/apps/dev?id=6810275217745838799","3.8","21","5","1","1","1","13"
"Virtual girl tourist bus waitress jobs : Dream Job","Simulation","Games Stop Studio","https://play.google.com/store/apps/dev?id=5491963132555144993","4.3","82","7","2","10","5","58"
"West Bounty Hunter Redemption: Western Gunfighter","Action","Game Unified","https://play.google.com/store/apps/dev?id=8157574795722632732","4.3","72","9","0","4","6","53"
"Burger World","Simulation","lolo game","https://play.google.com/store/apps/developer?id=lolo+game","4.3","29","2","1","4","2","20"
"Super Extreme Car Parking Simulator","Simulation","Top New Simulation Games","https://play.google.com/store/apps/developer?id=Top+New+Simulation+Games","4.6","70","6","0","1","2","61"
"Flying Hero Iron Spider Mafia Fighter Adventure V2","Adventure","KARATECH - Free Games","https://play.google.com/store/apps/developer?id=KARATECH+-+Free+Games","3.9","66","8","5","9","8","36"
"Moto Racing 3D Game","Racing","BELA BELA","https://play.google.com/store/apps/developer?id=BELA+BELA","4.5","23","2","0","1","2","18"
"Emulator For GBA - Free and Full Classic Games","Arcade","APT Studio","https://play.google.com/store/apps/developer?id=APT+Studio","4.6","1945","98","26","103","169","1549"
"Superhero Bheem Coloring Book","Educational","Happy Kids Game","https://play.google.com/store/apps/developer?id=Happy+Kids+Game","5.0","2","0","0","0","0","2"
"Rc Hill Race : Mountain Climb Drive","Racing","NextGen - Ultimate Drive Zone","https://play.google.com/store/apps/developer?id=NextGen+-+Ultimate+Drive+Zone","5.0","11","0","0","0","0","11"
"Can Bottle Shooter Games 2018","Simulation","Gamatar","https://play.google.com/store/apps/developer?id=Gamatar","4.2","26","3","0","3","3","17"
"Princess Puzzle Toddlers 2","Puzzle","Technicolor","https://play.google.com/store/apps/developer?id=Technicolor","4.7","31","2","0","0","2","27"
"Archery 2018 - Archery Sports Tournament","Sports","BigCode‚Ñ¢ Games","https://play.google.com/store/apps/developer?id=BigCode%E2%84%A2+Games","4.8","20","0","0","0","5","15"
"Offroad Police Car Drive Adventure 2018 üöî","Simulation","Curvee Tech","https://play.google.com/store/apps/developer?id=Curvee+Tech","4.4","67","7","1","2","5","52"
"San Andreas Auto Theft 2","Action","GAME TSUNAMI","https://play.google.com/store/apps/developer?id=GAME+TSUNAMI","4.1","72","8","3","9","3","49"
"Galaxy Shooter: Space Attack Alien","Arcade","Brick Puzzle Studio","https://play.google.com/store/apps/developer?id=Brick+Puzzle+Studio","4.0","22","3","0","4","2","13"
"Mineral Water Factory: Pure Water Bottle Games","Casual","Smile Stones Studio","https://play.google.com/store/apps/developer?id=Smile+Stones+Studio","4.5","59","4","0","5","6","44"
"Fruit Swap","Puzzle","Bubble Shooter Games by Ilyon","https://play.google.com/store/apps/developer?id=Bubble+Shooter+Games+by+Ilyon","4.3","69","3","3","6","13","44"
"Bubble Kingdom","Puzzle","gameone","https://play.google.com/store/apps/developer?id=gameone","4.6","108","1","2","8","13","84"
"US Police Robot Transport Truck Driving Games","Simulation","Best Driving Simulator Games","https://play.google.com/store/apps/developer?id=Best+Driving+Simulator+Games","4.2","10","0","2","1","0","7"
"Timber Bros","Adventure","Constr","https://play.google.com/store/apps/developer?id=Constr","4.0","20","3","2","0","2","13"
"Limousine Taxi Games : Car Driver 3D","Simulation","AppsZoo","https://play.google.com/store/apps/developer?id=AppsZoo","4.3","34","4","1","0","4","25"
"Super Tank","Arcade","BELA BELA","https://play.google.com/store/apps/developer?id=BELA+BELA","4.7","19","1","0","1","0","17"
"New Hunting 3D Jungle: Wild Animals","Action","Key Stone Games","https://play.google.com/store/apps/developer?id=Key+Stone+Games","4.1","10","1","0","2","1","6"
"Formula Racing Incredible Tracks","Racing","Super Soft Inc.","https://play.google.com/store/apps/developer?id=Super+Soft+Inc.","4.6","10","0","0","1","2","7"
"City Police Station Construction Simulator 2018","Simulation","Turbo Wingz","https://play.google.com/store/apps/developer?id=Turbo+Wingz","4.6","14","1","0","0","1","12"
"Football Game Master Soccer League ‚öΩ","Sports","Spark Gamers","https://play.google.com/store/apps/developer?id=Spark+Gamers","3.9","20","4","0","2","2","12"
"Anti-Prison Escape: Survival Jail Break Mission 3D","Action","Muddy Games","https://play.google.com/store/apps/dev?id=6274422522665469695","3.8","4","1","0","0","1","2"
"4 Pics 1 Word - 4 Pics 1 Song - Fun Word Guessing","Puzzle","Ahihi Studio GameVN","https://play.google.com/store/apps/developer?id=Ahihi+Studio+GameVN","4.2","97","9","2","11","9","66"
"Quad Bike Repair Mechanic 2 ‚Äì Auto Garage Workshop","Casual","Smile Stones Studio","https://play.google.com/store/apps/developer?id=Smile+Stones+Studio","4.7","12","1","0","0","0","11"
"Offroad Driving 3D : SUV Land Cruiser Prado Jeep","Simulation","Model Games Studio","https://play.google.com/store/apps/dev?id=5542963294365993079","4.2","15","2","0","1","2","10"
"Off Road Truck Driver USA","Simulation","TrimcoGames","https://play.google.com/store/apps/developer?id=TrimcoGames","4.5","73","4","3","3","9","54"
"Pokemn emerald - Free G.B.A Classic Game","Simulation","dragonalphadev","https://play.google.com/store/apps/developer?id=dragonalphadev","4.6","166","7","1","11","10","137"
"Alien Ultimate Fighting","Action","FiyGo Focus","https://play.google.com/store/apps/developer?id=FiyGo+Focus","4.3","3","0","0","1","0","2"
"Bird Hunting - Archery Hunting Games","Arcade","Vasundhara Game Studios","https://play.google.com/store/apps/developer?id=Vasundhara+Game+Studios","4.0","23","5","0","1","2","15"
"Horse Hair Salon and Mane- Tressage","Casual","LPRA STUDIO","https://play.google.com/store/apps/developer?id=LPRA+STUDIO","4.7","19","1","0","1","0","17"
"US Police Limousine Car: Truck Transporter Game","Simulation","Raydiex - 3D Games Master","https://play.google.com/store/apps/dev?id=5477569150745876409","4.5","15","2","0","0","0","13"
"Pokemoon sapphire version - Free GBA Classic Game","Card","dragonalphadev","https://play.google.com/store/apps/developer?id=dragonalphadev","4.4","96","10","1","3","5","77"
"Butterfly muffins cooking game","Casual","LPRA STUDIO","https://play.google.com/store/apps/developer?id=LPRA+STUDIO","4.0","7","1","1","0","0","5"
"Donut Maker 3d - Sweet Bakery & Cake Shop","Educational","Happy Baby Games - Free Preschool Educational Apps","https://play.google.com/store/apps/dev?id=8042760936213298182","4.5","4","0","0","1","0","3"
"Mexican Food Kitchen Story Chef Cooking Games","Adventure","Innovation Drive Studios","https://play.google.com/store/apps/dev?id=6923881983932747154","4.5","356","9","8","33","69","237"
"Missile Launcher Attack War","Simulation","Classic Gaming zone","https://play.google.com/store/apps/developer?id=Classic+Gaming+zone","4.0","73","13","3","6","3","48"
"Magic Bubble Pop","Adventure","Bubble Shooter Artworks","https://play.google.com/store/apps/developer?id=Bubble+Shooter+Artworks","4.6","134","2","1","10","22","99"
"New Construction 2018","Simulation","TwoTwenty Games","https://play.google.com/store/apps/developer?id=TwoTwenty+Games","4.4","26","2","0","1","5","18"
"Super Jungle World 2018","Casual","Sketdark Studio","https://play.google.com/store/apps/developer?id=Sketdark+Studio","4.7","70","1","2","5","3","59"
"Rolling Ballz Race","Adventure","CHSS Games","https://play.google.com/store/apps/developer?id=CHSS+Games","4.5","64","3","0","8","6","47"
"Ultimate Car Racing Game","Racing","Clearpath Technology Pvt Ltd","https://play.google.com/store/apps/developer?id=Clearpath+Technology+Pvt+Ltd","4.7","16","1","0","0","1","14"
"My Little Subway Unicorn Runner","Arcade","Noor Fais Inc","https://play.google.com/store/apps/developer?id=Noor+Fais+Inc","5.0","5","0","0","0","0","5"
"Wrestling Nitro Revolution - Wrestling Games 2K18","Sports","BigTime Games","https://play.google.com/store/apps/developer?id=BigTime+Games","4.2","83","11","2","5","5","60"
"Cotton Farming: Harvester Simulator 2018","Simulation","Sablo Games","https://play.google.com/store/apps/developer?id=Sablo+Games","4.6","16","1","0","1","0","14"
"Spider Flying Superhero City Survival Mission","Action","Immortality Games","https://play.google.com/store/apps/developer?id=Immortality+Games","4.6","56","4","0","2","3","47"
"Tuk Tuk Auto Chingchi City Rickshaw","Simulation","Soft_Tech Gaming Studio","https://play.google.com/store/apps/developer?id=Soft_Tech+Gaming+Studio","4.5","38","2","2","1","2","31"
"Virtual Girl High School Teacher: Happy Family Fun","Simulation","Fun Games Inc","https://play.google.com/store/apps/developer?id=Fun+Games+Inc","3.8","30","8","0","1","1","20"
"Sweet Cookie - Puzzle Game & Free Match 3 Games","Puzzle","COMBATANT CITY, LDT.","https://play.google.com/store/apps/developer?id=COMBATANT+CITY,+LDT.","4.5","135","4","1","12","20","98"
"Gunship Helicopter Battle Field","Action","Gaming Genesis","https://play.google.com/store/apps/developer?id=Gaming+Genesis","5.0","5","0","0","0","0","5"
"US Police Limousine Car Airplane Transport Games","Simulation","Vital Games Production","https://play.google.com/store/apps/dev?id=7290233625471657780","4.4","26","2","0","3","2","19"
"Avion Pilot - Airplane  Landing Simulator","Simulation","Knock Knock Games","https://play.google.com/store/apps/developer?id=Knock+Knock+Games","4.4","30","4","0","0","3","23"
"Last Survival Battle Spy Girl Strike Back Spy Game","Action","Game Unified","https://play.google.com/store/apps/dev?id=8157574795722632732","4.5","79","6","0","5","8","60"
"Dinosaur World Jurassic Island : TPS Action Game","Action","Canadian Rig","https://play.google.com/store/apps/developer?id=Canadian+Rig","5.0","3","0","0","0","0","3"
"Deer Hunting Season Safari Hunt","Action","RS Games Studio","https://play.google.com/store/apps/developer?id=RS+Games+Studio","3.9","17","2","1","2","4","8"
"Hill Climb Racin","Racing","Timur Orlov","https://play.google.com/store/apps/developer?id=Timur+Orlov","4.4","34","4","0","1","1","28"
"Panther Superhero Crime City Rescue Battleground","Action","gameMode","https://play.google.com/store/apps/developer?id=gameMode","3.0","7","3","0","1","0","3"
"Rise of Civilization","Strategy","Colorful Entertainment Limited","https://play.google.com/store/apps/developer?id=Colorful+Entertainment+Limited","3.1","97","38","4","7","5","43"
"Moto Bike Delivery Hero","Simulation","TrimcoGames","https://play.google.com/store/apps/developer?id=TrimcoGames","4.0","98","17","3","7","11","60"
"Cargo Truck Bike Car Transporter","Simulation","Super Soft Inc.","https://play.google.com/store/apps/developer?id=Super+Soft+Inc.","4.3","18","3","0","0","0","15"
"Missile launcher US army truck 3D simulator 2018","Simulation","Game Stock","https://play.google.com/store/apps/developer?id=Game+Stock","4.3","18","2","0","2","1","13"
"Absolute Gun Simulator : War Gunman Battlefield","Simulation","Best shooting games 2018","https://play.google.com/store/apps/dev?id=8807908662624919245","4.2","80","8","2","6","14","50"
"Super Hero Stunt Bike - Spider Hero Pizza Delivery","Simulation","Movers Games","https://play.google.com/store/apps/developer?id=Movers+Games","4.8","17","1","0","0","0","16"
"Billiards Pool-8 ball pool & 9 ball pool","Sports","yan keluo","https://play.google.com/store/apps/developer?id=yan+keluo","4.8","6","0","0","0","1","5"
"Easy Cricket‚Ñ¢: T20 Premier League 2018","Sports","Oak Barrel Games Private Limited","https://play.google.com/store/apps/developer?id=Oak+Barrel+Games+Private+Limited","4.6","37","1","0","3","4","29"
"My Rising Chef Star Live Virtual Restaurant","Casual","GameiCreate","https://play.google.com/store/apps/developer?id=GameiCreate","4.7","76","2","1","3","4","66"
"Solitaire 2018","Card","MON Entertainment","https://play.google.com/store/apps/developer?id=MON+Entertainment","4.9","13","0","0","0","1","12"
"CrazyPoly - Business Dice Game","Board","NeatHippo","https://play.google.com/store/apps/developer?id=NeatHippo","4.4","1978","134","54","109","311","1370"
"Draw Path","Puzzle","ANDROID PIXELS","https://play.google.com/store/apps/developer?id=ANDROID+PIXELS","5.0","2","0","0","0","0","2"
"Cargo Truck Driver: Transporter Euro Truck Game 3D","Simulation","Gamers Mania","https://play.google.com/store/apps/developer?id=Gamers+Mania","5.0","6","0","0","0","0","6"
"Frontier Battlefield Critical Strike: Fps Games","Action","Modern Free Games","https://play.google.com/store/apps/developer?id=Modern+Free+Games","3.4","41","14","1","3","2","21"
"Find The Differences","Casual","Yunbu Game Studio","https://play.google.com/store/apps/developer?id=Yunbu+Game+Studio","4.5","51","2","1","5","4","39"
"Plumber Pipe Adventure: Connect Water Line","Puzzle","Big Game AZ","https://play.google.com/store/apps/developer?id=Big+Game+AZ","4.2","134","11","4","18","11","90"
"Ocean Teen Patti","Card","OCEAN GAMES","https://play.google.com/store/apps/developer?id=OCEAN+GAMES","4.0","71","15","2","2","3","49"
"Dress Up My Anime Character","Casual","bweb media","https://play.google.com/store/apps/developer?id=bweb+media","4.3","46","3","1","6","7","29"
"Snake and Block: Free Game","Arcade","TSGame","https://play.google.com/store/apps/developer?id=TSGame","4.3","325","27","6","31","35","226"
"Drift Simulator: 458 Italia","Simulation","Exotic Burnout","https://play.google.com/store/apps/developer?id=Exotic+Burnout","4.0","17","2","0","3","3","9"
"Shooty Block","Arcade","FUNMORE TECHNOLOGY COMPANY LIMITED","https://play.google.com/store/apps/developer?id=FUNMORE+TECHNOLOGY+COMPANY+LIMITED","4.3","10","1","0","1","1","7"
"Underground House Construction","Simulation","TwoTwenty Games","https://play.google.com/store/apps/developer?id=TwoTwenty+Games","3.9","43","9","1","3","4","26"
"Beach Party Emergency Surgery Doctor Simulator 3D","Simulation","High Flame Studios","https://play.google.com/store/apps/developer?id=High+Flame+Studios","4.6","30","2","0","0","3","25"
"Puppy Dog Pop - Bubble Shoot Mania","Puzzle","Bubble Quest & Free Bubble Pop by Difference Games","https://play.google.com/store/apps/developer?id=Bubble+Quest+%26+Free+Bubble+Pop+by+Difference+Games","4.6","71","2","3","2","7","57"
"Real Wrestling Mania Hell Cell: Brutal Cage Fight","Sports","Airborne Productions","https://play.google.com/store/apps/developer?id=Airborne+Productions","4.1","71","10","2","5","7","47"
"Cargo Truck Driver: Goods Deliver","Simulation","Ethereal Play","https://play.google.com/store/apps/dev?id=4744622168450424704","4.5","4","0","0","1","0","3"
"Tailor Design Family Shop","Role Playing","lemonbab","https://play.google.com/store/apps/developer?id=lemonbab","4.5","42","2","2","3","2","33"
"Doramon Running Adventures Game Subway","Arcade","EviM.Apps","https://play.google.com/store/apps/developer?id=EviM.Apps","4.3","9","1","0","1","0","7"
"Fastlane Moto Death Shooter Race on Highway","Action","3D Arcade Games Studio","https://play.google.com/store/apps/dev?id=7596564142859272811","4.5","13","1","0","1","1","10"
"Billiards 2018","Sports","PesSport","https://play.google.com/store/apps/developer?id=PesSport","4.1","113","12","4","12","13","72"
"Stick Man Kungfu","Arcade","BELA BELA","https://play.google.com/store/apps/developer?id=BELA+BELA","4.0","13","3","0","0","1","9"
"US Police Robot Car - Police Plane Transport Ship","Simulation","Mizo Studio Inc","https://play.google.com/store/apps/dev?id=5229457361184977321","4.5","17","2","0","0","0","15"
"Fort Night Shooting Battle Frontline Assault War","Action","Action 360 Games","https://play.google.com/store/apps/developer?id=Action+360+Games","3.9","124","28","2","5","6","83"
"Pokemoon ruby - Free G.B.A Classic Game","Simulation","dragonalphadev","https://play.google.com/store/apps/developer?id=dragonalphadev","4.5","80","4","0","10","5","61"
"Shinchan quiz","Board","Gaming maniax","https://play.google.com/store/apps/dev?id=5438726241345191387","4.6","34","2","1","1","0","30"
"Demolish and Build Construction","Simulation","OneTen Games","https://play.google.com/store/apps/developer?id=OneTen+Games","4.2","16","2","0","1","2","11"
"Bingo: Lucky Bingo Wonderland","Casino","Theotino Entertainment","https://play.google.com/store/apps/developer?id=Theotino+Entertainment","4.6","100","3","1","7","9","80"
"Care Newborn Grown Twins Or One Baby","Role Playing","lemonbab","https://play.google.com/store/apps/developer?id=lemonbab","4.7","38","2","0","1","0","35"
